touch_id,org_id,campaign,channel,timestamp,clicked,converted,mes
mkt_7322hr5s,org_zbikcidk,security_week,ads,2025-08-26,False,False,2025-08
mkt_osc0whs1,org_5iqvnb4g,webinar_finops,email,2025-07-23,False,False,2025-07
mkt_4eci9rtj,org_okep7y6w,security_week,email,2025-06-21,False,True,2025-06
mkt_6u5a2x54,org_ohp6vz41,security_week,in_app,2025-08-09,True,False,2025-08
mkt_u44qunf5,org_c11ertj5,upgrade_enterprise,email,2025-07-28,True,False,2025-07
mkt_7vh2d3ls,org_4zw9xa3k,genai_launch,email,2025-06-18,False,False,2025-06
mkt_11q01yhy,org_9t84azyt,upgrade_pro,ads,2025-06-24,True,True,2025-06
mkt_a0eiva8t,org_he7ur23g,welcome,event,2025-05-28,False,False,2025-05
mkt_49lxle0b,org_pbhsahxt,security_week,ads,2025-08-15,True,True,2025-08
mkt_ct324zbl,org_ykl1cq99,genai_launch,email,2025-06-15,False,False,2025-06
mkt_5kzhcmz2,org_pnsm43d8,upgrade_pro,email,2025-05-14,False,False,2025-05
mkt_rno6cysv,org_0lzjjege,welcome,ads,2025-05-14,False,False,2025-05
mkt_uhiwzwt9,org_dzr1yxr2,upgrade_enterprise,event,2025-05-11,True,False,2025-05
mkt_94pn8qix,org_x7eedtjv,upgrade_pro,email,2025-07-23,False,False,2025-07
mkt_43irgm5d,org_5lxo6qji,security_week,in_app,2025-07-30,False,False,2025-07
mkt_koybesir,org_trp0j43d,genai_launch,email,2025-05-22,False,False,2025-05
mkt_q4tp1na6,org_rixa11dp,welcome,in_app,2025-05-26,False,False,2025-05
mkt_ksnjczob,org_ujv6oh9s,upgrade_pro,event,2025-08-04,False,False,2025-08
mkt_d9q8wht3,org_t1ghr09s,upgrade_pro,email,2025-07-11,False,False,2025-07
mkt_7oj98byt,org_253j2d54,genai_launch,event,2025-06-19,True,False,2025-06
mkt_e9afpp7s,org_h2m5zja8,security_week,ads,2025-06-13,False,False,2025-06
mkt_dwyqtuv2,org_cwi64ciy,welcome,ads,2025-05-18,False,False,2025-05
mkt_7uubrj17,org_wm31yiha,webinar_finops,ads,2025-06-06,False,False,2025-06
mkt_4wyags1k,org_ujv6oh9s,genai_launch,in_app,2025-08-17,True,False,2025-08
mkt_wqjl8ez3,org_i7p5tb94,welcome,event,2025-06-17,False,False,2025-06
mkt_1t6erq5a,org_ofqewaou,welcome,email,2025-05-20,False,False,2025-05
mkt_83892143,org_4zw9xa3k,upgrade_enterprise,ads,2025-08-12,False,False,2025-08
mkt_11bkhssc,org_a7tz0ync,genai_launch,in_app,2025-07-31,True,False,2025-07
mkt_rtp08iio,org_ly8ozcyw,upgrade_enterprise,ads,2025-08-02,False,False,2025-08
mkt_1q3dzvwe,org_53lc58dr,webinar_finops,event,2025-05-20,False,False,2025-05
mkt_8g358gee,org_9mx2x18h,genai_launch,in_app,2025-07-11,False,False,2025-07
mkt_jgbjxg56,org_pbhsahxt,upgrade_enterprise,event,2025-05-07,True,False,2025-05
mkt_w0mqa1cc,org_chj755nf,welcome,in_app,2025-07-07,False,False,2025-07
mkt_yy4jufn2,org_5iqvnb4g,upgrade_enterprise,event,2025-07-19,True,False,2025-07
mkt_4xcrwdwf,org_ly8ozcyw,welcome,email,2025-08-02,True,True,2025-08
mkt_1tqv0r09,org_om5igqpk,upgrade_enterprise,event,2025-05-20,False,False,2025-05
mkt_5uhgcrkf,org_i7p5tb94,upgrade_enterprise,in_app,2025-08-14,False,True,2025-08
mkt_kj6xhpd3,org_1t2tala7,upgrade_enterprise,event,2025-07-27,False,False,2025-07
mkt_bgnpyhrf,org_g8sbi4q2,welcome,email,2025-07-30,False,False,2025-07
mkt_ozg7fbv2,org_cwi64ciy,webinar_finops,event,2025-07-29,False,False,2025-07
mkt_i6oeuh8v,org_dhylurtp,webinar_finops,ads,2025-05-20,False,False,2025-05
mkt_aqvbdim2,org_h2m5zja8,security_week,ads,2025-08-10,False,False,2025-08
mkt_8aqwd1bq,org_wnnhj7xv,welcome,in_app,2025-06-12,True,False,2025-06
mkt_fdtnbs5x,org_9mx2x18h,upgrade_enterprise,event,2025-06-05,False,False,2025-06
mkt_rga3l710,org_fel6246h,webinar_finops,ads,2025-07-12,False,False,2025-07
mkt_29dg38ra,org_zhwjr64d,genai_launch,in_app,2025-07-27,True,False,2025-07
mkt_jib931k2,org_he7ur23g,security_week,event,2025-07-27,False,False,2025-07
mkt_6gfxamhv,org_1n13jcat,upgrade_pro,ads,2025-06-26,True,False,2025-06
mkt_1f070vk3,org_gv0e38da,genai_launch,in_app,2025-08-08,False,False,2025-08
mkt_2rgwhgxm,org_vyie6ivw,genai_launch,in_app,2025-05-11,True,False,2025-05
mkt_d7qcq3za,org_5lxo6qji,webinar_finops,event,2025-06-02,True,False,2025-06
mkt_8e83mteb,org_dbdw2pcn,webinar_finops,in_app,2025-05-28,False,False,2025-05
mkt_dud8t7d2,org_xaji0y6d,welcome,email,2025-07-26,False,False,2025-07
mkt_to1kvtor,org_trp0j43d,upgrade_enterprise,in_app,2025-08-13,False,False,2025-08
mkt_p59yeq96,org_n9j2qp89,webinar_finops,email,2025-06-17,True,False,2025-06
mkt_sjqa0px9,org_zbikcidk,genai_launch,in_app,2025-06-23,False,False,2025-06
mkt_9dbk4epb,org_teiyzcot,webinar_finops,email,2025-05-17,False,False,2025-05
mkt_o01717hv,org_y9v86wzs,genai_launch,email,2025-08-30,False,False,2025-08
mkt_0ehlitsj,org_ir4cowgz,webinar_finops,in_app,2025-06-06,True,True,2025-06
mkt_8bfi8ojg,org_phr62gds,upgrade_pro,event,2025-07-07,False,False,2025-07
mkt_zacf0r7f,org_t9nt3w5u,upgrade_pro,in_app,2025-06-10,False,False,2025-06
mkt_a6ahhcas,org_cvs4f8cg,upgrade_enterprise,event,2025-05-20,False,False,2025-05
mkt_ikzoieas,org_9mx2x18h,genai_launch,event,2025-06-23,False,False,2025-06
mkt_u29ee2a8,org_y9v86wzs,security_week,email,2025-08-03,False,False,2025-08
mkt_4n1w3er7,org_zhwjr64d,welcome,event,2025-08-31,False,False,2025-08
mkt_0ut100wn,org_chj755nf,upgrade_enterprise,event,2025-06-01,False,False,2025-06
mkt_t0k9875t,org_5935a0l7,upgrade_pro,in_app,2025-08-17,True,False,2025-08
mkt_rjib739s,org_9mx2x18h,security_week,in_app,2025-05-17,False,False,2025-05
mkt_yied48cd,org_7e8g8jdp,webinar_finops,email,2025-07-29,False,False,2025-07
mkt_5lxtnjs1,org_pht0hl9x,security_week,in_app,2025-06-26,False,False,2025-06
mkt_8l9gj4an,org_pvs7hzio,webinar_finops,in_app,2025-05-16,True,False,2025-05
mkt_liobl7vj,org_9t84azyt,genai_launch,ads,2025-07-23,False,False,2025-07
mkt_uz5pfbce,org_ly8ozcyw,security_week,ads,2025-07-19,False,False,2025-07
mkt_5z3ztds7,org_gv0e38da,upgrade_enterprise,in_app,2025-05-20,True,False,2025-05
mkt_xsv18f6f,org_zbikcidk,security_week,ads,2025-06-24,False,False,2025-06
mkt_tscjlei6,org_0lvsnujz,upgrade_enterprise,ads,2025-08-07,False,True,2025-08
mkt_wgl8i9ak,org_a7tz0ync,welcome,event,2025-06-07,True,True,2025-06
mkt_fd18tlty,org_afeyuhz1,genai_launch,in_app,2025-06-25,True,False,2025-06
mkt_7w29max6,org_1swjckjl,welcome,email,2025-06-01,False,False,2025-06
mkt_ebqgbpad,org_9t84azyt,upgrade_enterprise,in_app,2025-08-28,True,False,2025-08
mkt_usqb00g9,org_hv3a3zmf,upgrade_pro,ads,2025-08-10,True,False,2025-08
mkt_e07pmexj,org_dzr1yxr2,upgrade_enterprise,in_app,2025-06-16,True,False,2025-06
mkt_tnrp1i36,org_5iqvnb4g,upgrade_pro,ads,2025-05-31,True,True,2025-05
mkt_61l08kgf,org_d14ve92m,security_week,event,2025-05-15,False,False,2025-05
mkt_p94k3awl,org_uzfk8ut0,welcome,in_app,2025-08-14,True,False,2025-08
mkt_ar0wh0rf,org_ktakpuxq,webinar_finops,event,2025-05-21,False,False,2025-05
mkt_iuprog71,org_xll4zklo,security_week,in_app,2025-07-31,False,False,2025-07
mkt_0eq8o9s4,org_nam148p0,genai_launch,email,2025-08-17,False,False,2025-08
mkt_znmzofe9,org_trp0j43d,webinar_finops,ads,2025-08-23,False,False,2025-08
mkt_8wp94p4j,org_g0fn9xuy,genai_launch,event,2025-05-28,False,False,2025-05
mkt_wr3xuxnb,org_fel6246h,welcome,event,2025-06-28,False,True,2025-06
mkt_9dssrkfi,org_nam148p0,upgrade_pro,in_app,2025-06-24,False,False,2025-06
mkt_53llp0nf,org_chj755nf,welcome,event,2025-08-24,False,False,2025-08
mkt_dd2pj0mm,org_axeqbnhl,genai_launch,ads,2025-05-14,False,False,2025-05
mkt_ug8xjk31,org_d14ve92m,webinar_finops,ads,2025-08-05,False,False,2025-08
mkt_dzrhttqa,org_trp0j43d,upgrade_enterprise,event,2025-06-02,False,False,2025-06
mkt_yiiy2s53,org_pseimvih,welcome,ads,2025-05-14,False,False,2025-05
mkt_0tj2t9o5,org_afeyuhz1,genai_launch,email,2025-08-10,False,False,2025-08
mkt_a439gf5l,org_53lc58dr,webinar_finops,email,2025-05-19,False,False,2025-05
mkt_xk2g5eol,org_vyie6ivw,upgrade_pro,event,2025-07-23,True,False,2025-07
mkt_0ta8rd05,org_5935a0l7,upgrade_pro,ads,2025-07-06,False,False,2025-07
mkt_n9hczdq3,org_i7p5tb94,upgrade_pro,ads,2025-08-18,False,False,2025-08
mkt_w6bdj7h7,org_pnsm43d8,upgrade_pro,email,2025-06-11,True,False,2025-06
mkt_redy0vqx,org_tvhhpbmy,welcome,email,2025-07-26,True,False,2025-07
mkt_o2dwn717,org_l58kxo9t,webinar_finops,email,2025-05-27,False,False,2025-05
mkt_yw1bsdx4,org_l58kxo9t,upgrade_pro,in_app,2025-06-10,False,False,2025-06
mkt_w3lnaehp,org_pac56t4u,welcome,event,2025-08-31,True,False,2025-08
mkt_itza7uy4,org_pbhsahxt,upgrade_enterprise,ads,2025-07-08,False,False,2025-07
mkt_saeq1zq8,org_pvs7hzio,welcome,event,2025-08-23,True,True,2025-08
mkt_daydw9f6,org_7e8g8jdp,welcome,event,2025-08-26,True,False,2025-08
mkt_y5v9jreh,org_874frhoc,upgrade_enterprise,email,2025-06-13,False,False,2025-06
mkt_miqp56a2,org_uzfk8ut0,upgrade_enterprise,email,2025-07-03,True,False,2025-07
mkt_tyznm5sa,org_id25owf7,webinar_finops,event,2025-06-16,True,False,2025-06
mkt_xyk2e58f,org_9t84azyt,webinar_finops,ads,2025-08-02,False,False,2025-08
mkt_3ob9v1t4,org_pnsm43d8,welcome,in_app,2025-07-19,True,False,2025-07
mkt_jxa2ympy,org_hv3a3zmf,genai_launch,ads,2025-05-30,False,False,2025-05
mkt_i46n05fl,org_wnnhj7xv,genai_launch,in_app,2025-05-30,False,False,2025-05
mkt_0463na7h,org_ir4cowgz,upgrade_pro,ads,2025-05-28,False,False,2025-05
mkt_n98x16f4,org_teiyzcot,security_week,ads,2025-08-22,False,False,2025-08
mkt_zzw5uk4s,org_xll4zklo,genai_launch,ads,2025-07-15,False,False,2025-07
mkt_ha60v33l,org_253j2d54,upgrade_pro,ads,2025-06-17,False,False,2025-06
mkt_ifncrn3t,org_l58kxo9t,upgrade_enterprise,event,2025-07-10,False,False,2025-07
mkt_nkziy75i,org_i3qk2iag,genai_launch,event,2025-07-17,False,False,2025-07
mkt_tdl35jrj,org_ohp6vz41,welcome,in_app,2025-06-26,False,True,2025-06
mkt_9r3vp8li,org_t9nt3w5u,security_week,in_app,2025-07-28,False,False,2025-07
mkt_m06etcqr,org_id25owf7,genai_launch,event,2025-08-20,False,False,2025-08
mkt_3ev1rdnf,org_wm31yiha,genai_launch,email,2025-05-19,False,False,2025-05
mkt_4x13qinf,org_pseimvih,welcome,email,2025-07-31,True,False,2025-07
mkt_2p091pqf,org_cvs4f8cg,welcome,in_app,2025-08-13,True,False,2025-08
mkt_mpah3qn2,org_l58kxo9t,welcome,in_app,2025-05-21,False,False,2025-05
mkt_1r91r0hr,org_9t84azyt,upgrade_pro,ads,2025-05-07,False,False,2025-05
mkt_liagp34s,org_id25owf7,security_week,email,2025-05-26,True,False,2025-05
mkt_lqgbul1o,org_h2m5zja8,upgrade_pro,ads,2025-07-26,False,False,2025-07
mkt_t96gskbo,org_w3zp08j3,upgrade_enterprise,email,2025-06-10,False,False,2025-06
mkt_jaxnhrc4,org_5935a0l7,welcome,ads,2025-06-02,False,False,2025-06
mkt_hm08opev,org_41ibljh7,genai_launch,ads,2025-05-22,False,False,2025-05
mkt_htz4voyb,org_wm31yiha,welcome,in_app,2025-06-20,False,False,2025-06
mkt_j7soygy2,org_cwi64ciy,genai_launch,event,2025-05-07,False,False,2025-05
mkt_1jmas41r,org_7e8g8jdp,security_week,in_app,2025-08-17,True,False,2025-08
mkt_u08l4pja,org_dppq0y9d,security_week,ads,2025-07-06,True,False,2025-07
mkt_gxlq0s5r,org_uzfk8ut0,upgrade_enterprise,email,2025-07-30,False,False,2025-07
mkt_mjpcza3s,org_53lc58dr,welcome,event,2025-08-29,True,False,2025-08
mkt_fgho4qhc,org_7e8g8jdp,webinar_finops,email,2025-08-08,False,False,2025-08
mkt_g7fd143x,org_h2m5zja8,upgrade_pro,ads,2025-06-25,True,False,2025-06
mkt_rv8df2f5,org_zhwjr64d,upgrade_enterprise,in_app,2025-08-13,False,False,2025-08
mkt_nk4otbgd,org_chj755nf,upgrade_enterprise,ads,2025-05-08,False,False,2025-05
mkt_puh4gbgo,org_a7tz0ync,upgrade_enterprise,email,2025-07-28,False,False,2025-07
mkt_8utd9jyj,org_kdgigatj,upgrade_enterprise,in_app,2025-06-06,False,False,2025-06
mkt_3ct5q517,org_y9v86wzs,genai_launch,email,2025-06-13,False,False,2025-06
mkt_3c7q25y7,org_d14ve92m,security_week,in_app,2025-05-20,True,False,2025-05
mkt_khg4g7ni,org_5lxo6qji,upgrade_enterprise,ads,2025-07-01,False,False,2025-07
mkt_e3fkp96a,org_tvhhpbmy,upgrade_pro,email,2025-07-24,False,False,2025-07
mkt_iu01lc5w,org_1t2tala7,upgrade_enterprise,event,2025-08-03,False,False,2025-08
mkt_w9lzhvez,org_fel6246h,webinar_finops,in_app,2025-08-02,False,False,2025-08
mkt_9rtd6enm,org_0lvsnujz,genai_launch,ads,2025-07-29,True,False,2025-07
mkt_b9upeppo,org_5935a0l7,upgrade_enterprise,email,2025-07-18,False,False,2025-07
mkt_lg5tk9vj,org_i3qk2iag,upgrade_pro,email,2025-05-17,False,False,2025-05
mkt_0va0stka,org_wm31yiha,upgrade_enterprise,in_app,2025-08-01,True,False,2025-08
mkt_0914abaz,org_t1ghr09s,webinar_finops,event,2025-07-08,False,True,2025-07
mkt_d84vf161,org_nam148p0,genai_launch,ads,2025-07-26,True,False,2025-07
mkt_85ibjubi,org_g8sbi4q2,upgrade_pro,ads,2025-07-27,False,False,2025-07
mkt_6mghagmb,org_om5igqpk,welcome,event,2025-05-24,False,False,2025-05
mkt_362m9e5i,org_h2m5zja8,upgrade_pro,event,2025-07-15,False,False,2025-07
mkt_mlz6iost,org_ir4cowgz,webinar_finops,in_app,2025-05-15,False,False,2025-05
mkt_uzhg1gf4,org_9mx2x18h,genai_launch,email,2025-05-09,False,False,2025-05
mkt_ofpatm0t,org_dzr1yxr2,upgrade_enterprise,email,2025-05-17,True,False,2025-05
mkt_xe321d5c,org_sg65kxvf,upgrade_pro,event,2025-08-13,False,False,2025-08
mkt_21o6ww8e,org_axeqbnhl,upgrade_pro,event,2025-07-09,False,False,2025-07
mkt_irhrlnf6,org_0lzjjege,security_week,ads,2025-08-14,False,False,2025-08
mkt_nv5xu6m9,org_253j2d54,upgrade_pro,in_app,2025-08-21,True,False,2025-08
mkt_deocirio,org_wnnhj7xv,welcome,event,2025-06-13,True,False,2025-06
mkt_74jlys7j,org_x7eedtjv,webinar_finops,ads,2025-07-17,True,False,2025-07
mkt_d6z6pq1a,org_phr62gds,upgrade_enterprise,ads,2025-07-05,True,True,2025-07
mkt_uf0tj5jg,org_xaji0y6d,welcome,in_app,2025-07-11,True,False,2025-07
mkt_zcy4mljz,org_ir4cowgz,welcome,ads,2025-06-09,False,False,2025-06
mkt_fudi4sp7,org_zbikcidk,upgrade_enterprise,email,2025-08-03,False,False,2025-08
mkt_qfq9n04f,org_7e8g8jdp,webinar_finops,email,2025-07-29,False,True,2025-07
mkt_dtzj2l72,org_cvs4f8cg,upgrade_enterprise,event,2025-08-30,True,False,2025-08
mkt_v08ktrpw,org_dppq0y9d,upgrade_enterprise,event,2025-05-04,True,False,2025-05
mkt_3hhigvum,org_pnsm43d8,welcome,event,2025-08-15,False,False,2025-08
mkt_mwcmzx8j,org_pbhsahxt,welcome,email,2025-06-26,False,False,2025-06
mkt_5ms20t3t,org_874frhoc,upgrade_enterprise,event,2025-08-04,True,False,2025-08
mkt_9lp2e2as,org_pvs7hzio,security_week,event,2025-08-10,False,False,2025-08
mkt_oevgkh25,org_y9v86wzs,webinar_finops,in_app,2025-08-30,True,False,2025-08
mkt_0cvgfgm1,org_0lzjjege,upgrade_pro,email,2025-08-22,False,False,2025-08
mkt_tm27o19q,org_dhylurtp,security_week,event,2025-05-05,True,True,2025-05
mkt_tg15xd82,org_phr62gds,webinar_finops,email,2025-06-02,True,False,2025-06
mkt_ijkuv2vx,org_n9j2qp89,upgrade_pro,ads,2025-08-23,False,False,2025-08
mkt_o3peoj3m,org_kdgigatj,security_week,event,2025-08-05,False,False,2025-08
mkt_48ngc4xa,org_pseimvih,welcome,in_app,2025-06-10,False,False,2025-06
mkt_ic0dhnhw,org_vyie6ivw,webinar_finops,ads,2025-05-24,False,True,2025-05
mkt_ekqdvnab,org_xaji0y6d,upgrade_pro,event,2025-07-16,True,False,2025-07
mkt_87frboo7,org_l58kxo9t,upgrade_pro,event,2025-06-06,False,False,2025-06
mkt_03b95ohs,org_xll4zklo,webinar_finops,email,2025-06-10,True,False,2025-06
mkt_7auigjd3,org_nam148p0,welcome,ads,2025-06-13,False,False,2025-06
mkt_x4yh5hoa,org_fel6246h,security_week,ads,2025-08-06,False,False,2025-08
mkt_7wkdpehd,org_dhylurtp,upgrade_enterprise,in_app,2025-06-27,False,True,2025-06
mkt_m6k6hgq6,org_cwi64ciy,upgrade_enterprise,email,2025-05-15,False,False,2025-05
mkt_srp7b4hj,org_xll4zklo,upgrade_enterprise,in_app,2025-08-04,True,False,2025-08
mkt_kwbjpclm,org_zhwjr64d,upgrade_pro,in_app,2025-08-05,False,False,2025-08
mkt_sp94rwgk,org_g0fn9xuy,upgrade_pro,email,2025-05-13,True,False,2025-05
mkt_g5khl1cr,org_w3zp08j3,upgrade_enterprise,ads,2025-05-10,True,False,2025-05
mkt_hm22snju,org_253j2d54,genai_launch,event,2025-07-30,False,False,2025-07
mkt_9f51ni4e,org_pbhsahxt,genai_launch,email,2025-07-11,False,False,2025-07
mkt_ubygs0jx,org_rixa11dp,welcome,in_app,2025-06-04,True,False,2025-06
mkt_9amsm5r7,org_dbdw2pcn,welcome,in_app,2025-07-03,False,False,2025-07
mkt_goklva2u,org_jxepq85j,welcome,email,2025-08-11,False,False,2025-08
mkt_htjpk4w0,org_gv0e38da,genai_launch,email,2025-07-27,False,False,2025-07
mkt_kq8sjqon,org_rixa11dp,welcome,in_app,2025-05-08,False,False,2025-05
mkt_tqx45joq,org_sg65kxvf,upgrade_enterprise,in_app,2025-05-11,True,False,2025-05
mkt_ynit38cx,org_ktakpuxq,webinar_finops,event,2025-07-10,False,True,2025-07
mkt_5dnsvbcq,org_pvs7hzio,upgrade_enterprise,event,2025-05-20,False,False,2025-05
mkt_7g4asmzx,org_ujv6oh9s,security_week,email,2025-07-29,True,False,2025-07
mkt_4nkio5b6,org_ir4cowgz,genai_launch,ads,2025-05-11,True,False,2025-05
mkt_iijpshox,org_om5igqpk,upgrade_pro,event,2025-07-14,True,False,2025-07
mkt_xaoz5e7g,org_g8sbi4q2,upgrade_pro,event,2025-07-26,True,False,2025-07
mkt_go46x1w1,org_trp0j43d,upgrade_enterprise,ads,2025-08-30,True,True,2025-08
mkt_qxph1y3b,org_ykl1cq99,security_week,email,2025-06-12,False,False,2025-06
mkt_qhok3zy5,org_ktakpuxq,webinar_finops,ads,2025-05-16,True,False,2025-05
mkt_sro0l9la,org_t1ghr09s,security_week,email,2025-07-04,False,False,2025-07
mkt_yke3zcxu,org_uzfk8ut0,upgrade_pro,event,2025-08-03,False,False,2025-08
mkt_11to0bog,org_t1ghr09s,webinar_finops,email,2025-05-17,True,False,2025-05
mkt_cc1u86ag,org_ofqewaou,genai_launch,event,2025-07-04,True,False,2025-07
mkt_3u1swyut,org_1n13jcat,security_week,event,2025-07-20,False,False,2025-07
mkt_fefz811i,org_1swjckjl,webinar_finops,event,2025-07-02,False,False,2025-07
mkt_d07t3ljo,org_41ibljh7,security_week,ads,2025-06-03,False,False,2025-06
mkt_kbzvyx9d,org_ktakpuxq,upgrade_enterprise,email,2025-07-09,True,False,2025-07
mkt_18k9vak1,org_1t2tala7,genai_launch,ads,2025-05-30,False,False,2025-05
mkt_vpangw3p,org_c11ertj5,upgrade_enterprise,in_app,2025-08-21,False,False,2025-08
mkt_ajvf9i60,org_rixa11dp,welcome,in_app,2025-07-03,False,False,2025-07
mkt_k23z2y3c,org_zhwjr64d,upgrade_enterprise,ads,2025-05-23,True,False,2025-05
mkt_0eq4aw8j,org_t1ghr09s,webinar_finops,email,2025-07-25,True,False,2025-07
mkt_he5s517d,org_sg65kxvf,upgrade_pro,ads,2025-08-17,False,False,2025-08
mkt_xj17x6xd,org_ofqewaou,webinar_finops,in_app,2025-06-10,True,False,2025-06
mkt_a71ebvfw,org_jxepq85j,upgrade_enterprise,in_app,2025-07-07,False,False,2025-07
mkt_b5hsts68,org_l58kxo9t,upgrade_enterprise,event,2025-06-15,False,False,2025-06
mkt_cfff8tx1,org_tvhhpbmy,security_week,ads,2025-06-06,False,False,2025-06
mkt_34l8xafs,org_pbhsahxt,upgrade_enterprise,email,2025-07-22,False,False,2025-07
mkt_umuxqjct,org_4zw9xa3k,webinar_finops,event,2025-05-15,False,True,2025-05
mkt_pvev64gr,org_a7tz0ync,webinar_finops,ads,2025-08-09,False,False,2025-08
mkt_oabeawqw,org_l58kxo9t,webinar_finops,in_app,2025-08-13,False,False,2025-08
mkt_29py5kh2,org_pbhsahxt,upgrade_enterprise,email,2025-05-13,False,False,2025-05
mkt_nxxms3ra,org_ykl1cq99,genai_launch,email,2025-06-12,True,False,2025-06
mkt_g0kxxkxn,org_ohp6vz41,welcome,ads,2025-07-20,True,False,2025-07
mkt_oad78qig,org_om5igqpk,upgrade_pro,event,2025-05-31,False,False,2025-05
mkt_6uo3zin1,org_8mdd4v30,welcome,ads,2025-08-24,False,False,2025-08
mkt_a7kne1yb,org_8mdd4v30,genai_launch,email,2025-05-19,True,False,2025-05
mkt_mzpsctpn,org_h2m5zja8,upgrade_enterprise,in_app,2025-06-13,False,False,2025-06
mkt_7y853j5s,org_8mdd4v30,webinar_finops,ads,2025-06-16,True,False,2025-06
mkt_fmzqrsjz,org_cvs4f8cg,webinar_finops,event,2025-05-25,False,False,2025-05
mkt_o98iboq1,org_t9nt3w5u,welcome,ads,2025-08-25,False,False,2025-08
mkt_8oveuur6,org_vyie6ivw,webinar_finops,event,2025-06-05,False,False,2025-06
mkt_56ebjvnf,org_wm31yiha,welcome,event,2025-07-31,True,False,2025-07
mkt_owapcq7v,org_uzfk8ut0,genai_launch,ads,2025-08-13,False,False,2025-08
mkt_g6n968xf,org_d14ve92m,genai_launch,in_app,2025-07-21,False,False,2025-07
mkt_6v8th105,org_zhwjr64d,upgrade_enterprise,event,2025-05-24,False,False,2025-05
mkt_oszqg6pk,org_kdgigatj,welcome,event,2025-07-20,False,False,2025-07
mkt_isb8363d,org_dbdw2pcn,security_week,event,2025-05-23,False,False,2025-05
mkt_htg1d9ob,org_nam148p0,webinar_finops,in_app,2025-05-16,False,False,2025-05
mkt_6kb9z7fw,org_g8sbi4q2,welcome,email,2025-05-12,False,False,2025-05
mkt_0c20x450,org_1t2tala7,webinar_finops,email,2025-06-04,False,False,2025-06
mkt_uheh3rfw,org_a7tz0ync,genai_launch,in_app,2025-06-21,False,False,2025-06
mkt_tevtx3nf,org_i7p5tb94,genai_launch,in_app,2025-06-28,True,False,2025-06
mkt_27e6l8xc,org_pac56t4u,genai_launch,event,2025-07-17,False,False,2025-07
mkt_gmiurpv2,org_pvs7hzio,upgrade_pro,email,2025-06-28,True,False,2025-06
mkt_wj6o6u91,org_y9v86wzs,security_week,in_app,2025-05-22,True,False,2025-05
mkt_79b9nt5d,org_ktakpuxq,upgrade_pro,event,2025-07-14,False,False,2025-07
mkt_xi7qodsu,org_ujv6oh9s,security_week,ads,2025-06-08,False,False,2025-06
mkt_9f16x14a,org_i3qk2iag,welcome,event,2025-07-05,False,False,2025-07
mkt_i7reficg,org_7e8g8jdp,security_week,in_app,2025-08-28,False,False,2025-08
mkt_xloarrxc,org_0lzjjege,genai_launch,ads,2025-08-29,False,False,2025-08
mkt_9midux8f,org_nam148p0,upgrade_enterprise,in_app,2025-08-22,False,False,2025-08
mkt_mw4vchrh,org_sg65kxvf,welcome,event,2025-08-27,True,False,2025-08
mkt_bkgk9jqt,org_sg65kxvf,webinar_finops,event,2025-05-16,False,True,2025-05
mkt_ajpp8oei,org_ujv6oh9s,welcome,email,2025-05-18,False,False,2025-05
mkt_975yql1v,org_8mdd4v30,genai_launch,event,2025-07-19,False,True,2025-07
mkt_2w9y49dz,org_zhwjr64d,upgrade_pro,event,2025-06-01,False,False,2025-06
mkt_8ftmjn8b,org_xll4zklo,webinar_finops,event,2025-07-25,False,False,2025-07
mkt_3umam003,org_wnnhj7xv,upgrade_enterprise,event,2025-06-05,False,False,2025-06
mkt_l4jzwyix,org_w3zp08j3,security_week,event,2025-08-09,False,False,2025-08
mkt_7brrbai3,org_w3zp08j3,upgrade_enterprise,email,2025-07-10,False,False,2025-07
mkt_al6eja1v,org_he7ur23g,webinar_finops,event,2025-06-17,True,False,2025-06
mkt_2tg2ahn1,org_zhwjr64d,upgrade_enterprise,event,2025-08-02,True,False,2025-08
mkt_10bs6to8,org_zbikcidk,genai_launch,ads,2025-05-06,False,True,2025-05
mkt_wyaqtflv,org_l58kxo9t,upgrade_enterprise,ads,2025-05-18,False,False,2025-05
mkt_m8nyzhhi,org_n9j2qp89,upgrade_enterprise,in_app,2025-06-13,False,False,2025-06
mkt_zebg9k4s,org_c11ertj5,webinar_finops,event,2025-05-08,False,False,2025-05
mkt_sb1pbzvr,org_8mdd4v30,webinar_finops,ads,2025-07-03,False,False,2025-07
mkt_8vbyezd4,org_pvs7hzio,upgrade_pro,email,2025-05-26,False,False,2025-05
mkt_3w95ch4f,org_ohp6vz41,genai_launch,in_app,2025-08-12,False,False,2025-08
mkt_odmjmbfo,org_okep7y6w,security_week,in_app,2025-07-07,False,False,2025-07
mkt_gevokqy9,org_sg65kxvf,genai_launch,email,2025-08-26,False,False,2025-08
mkt_flvqarjz,org_1n13jcat,genai_launch,ads,2025-07-28,False,False,2025-07
mkt_k08ct617,org_9t84azyt,welcome,email,2025-07-20,False,False,2025-07
mkt_6c1k03u0,org_pnsm43d8,genai_launch,email,2025-08-17,True,False,2025-08
mkt_up229eoi,org_ohp6vz41,webinar_finops,in_app,2025-05-26,False,False,2025-05
mkt_zu7n9en0,org_pht0hl9x,webinar_finops,in_app,2025-06-20,False,False,2025-06
mkt_kertqhno,org_ir4cowgz,welcome,in_app,2025-06-12,True,False,2025-06
mkt_l3obopab,org_n9j2qp89,welcome,in_app,2025-07-11,False,False,2025-07
mkt_05dwjate,org_l58kxo9t,upgrade_enterprise,ads,2025-07-30,False,False,2025-07
mkt_4vv9c0xf,org_pbhsahxt,upgrade_enterprise,event,2025-07-30,True,False,2025-07
mkt_evmy1qnq,org_teiyzcot,upgrade_pro,email,2025-08-12,False,False,2025-08
mkt_viexgobz,org_wnnhj7xv,upgrade_pro,event,2025-07-17,False,False,2025-07
mkt_pe8m3rkl,org_c11ertj5,webinar_finops,event,2025-05-23,True,False,2025-05
mkt_39vel08k,org_3t60rjiw,upgrade_enterprise,ads,2025-06-18,False,True,2025-06
mkt_klseauzv,org_i3qk2iag,upgrade_pro,in_app,2025-06-30,False,False,2025-06
mkt_mmh541oo,org_wnnhj7xv,webinar_finops,ads,2025-07-19,True,False,2025-07
mkt_5vyfrrlo,org_trp0j43d,webinar_finops,event,2025-06-07,True,False,2025-06
mkt_a8o34lpq,org_vyie6ivw,security_week,event,2025-07-03,False,False,2025-07
mkt_k5fp7ah2,org_xaji0y6d,welcome,ads,2025-08-13,False,False,2025-08
mkt_csanhapy,org_vyie6ivw,webinar_finops,event,2025-05-23,False,False,2025-05
mkt_wdrdpmpc,org_5iqvnb4g,webinar_finops,event,2025-08-21,False,False,2025-08
mkt_ejcilpjz,org_dppq0y9d,welcome,ads,2025-08-13,False,False,2025-08
mkt_80nd3y9q,org_vyie6ivw,webinar_finops,event,2025-05-11,True,False,2025-05
mkt_b0e7cxsu,org_41ibljh7,upgrade_pro,in_app,2025-06-13,False,False,2025-06
mkt_o874ohl5,org_l58kxo9t,webinar_finops,ads,2025-06-10,True,False,2025-06
mkt_thlvjyqt,org_zhwjr64d,welcome,in_app,2025-06-02,False,False,2025-06
mkt_aybgi0rr,org_5935a0l7,webinar_finops,email,2025-06-07,False,False,2025-06
mkt_0tiaxufv,org_0lzjjege,security_week,in_app,2025-08-01,True,False,2025-08
mkt_pig3yvr2,org_253j2d54,webinar_finops,in_app,2025-06-22,False,False,2025-06
mkt_eu4kb57l,org_trp0j43d,welcome,event,2025-07-16,False,False,2025-07
mkt_1376qwvg,org_pvs7hzio,genai_launch,event,2025-07-20,False,False,2025-07
mkt_fri7fz5x,org_nam148p0,upgrade_pro,ads,2025-07-11,False,False,2025-07
mkt_biguj9cw,org_53lc58dr,upgrade_enterprise,event,2025-07-03,False,False,2025-07
mkt_i2skhkxv,org_cvs4f8cg,security_week,event,2025-05-15,True,True,2025-05
mkt_s6aylld4,org_4zw9xa3k,upgrade_enterprise,ads,2025-08-20,True,False,2025-08
mkt_yeo6ppyw,org_dbdw2pcn,genai_launch,ads,2025-05-19,True,False,2025-05
mkt_h8ea329h,org_xll4zklo,upgrade_pro,event,2025-05-04,False,False,2025-05
mkt_f1pw26rq,org_x7eedtjv,welcome,email,2025-08-25,False,False,2025-08
mkt_h7o0zbo7,org_uzfk8ut0,upgrade_pro,email,2025-06-26,True,False,2025-06
mkt_0b2aubnb,org_kdgigatj,genai_launch,email,2025-07-03,False,False,2025-07
mkt_wgskwd3x,org_zhwjr64d,genai_launch,in_app,2025-08-19,False,False,2025-08
mkt_2kb6jy5r,org_zbikcidk,upgrade_pro,email,2025-05-08,False,False,2025-05
mkt_1sppn74p,org_chj755nf,welcome,email,2025-08-15,True,False,2025-08
mkt_f4io2xm4,org_id25owf7,upgrade_pro,ads,2025-07-28,False,False,2025-07
mkt_3o8jocuj,org_1n13jcat,welcome,email,2025-06-20,False,False,2025-06
mkt_vxhshv1y,org_xaji0y6d,upgrade_pro,event,2025-05-20,False,False,2025-05
mkt_04z4vcvz,org_g0fn9xuy,upgrade_pro,event,2025-08-27,False,False,2025-08
mkt_pvwll5v2,org_i7p5tb94,upgrade_enterprise,email,2025-07-20,False,False,2025-07
mkt_h31pheiv,org_4zw9xa3k,webinar_finops,in_app,2025-07-13,True,False,2025-07
mkt_6ddzv7tx,org_kdgigatj,upgrade_pro,email,2025-07-10,False,False,2025-07
mkt_x6lk7iaz,org_0lzjjege,upgrade_pro,email,2025-07-16,False,False,2025-07
mkt_gq095egv,org_teiyzcot,upgrade_pro,in_app,2025-06-19,False,True,2025-06
mkt_t67k37fo,org_0lvsnujz,webinar_finops,in_app,2025-07-28,False,False,2025-07
mkt_qsr41s6e,org_rixa11dp,welcome,in_app,2025-06-03,True,True,2025-06
mkt_qxxcx9kn,org_he7ur23g,genai_launch,email,2025-05-05,True,False,2025-05
mkt_bz9h0unl,org_wm31yiha,upgrade_enterprise,in_app,2025-05-28,True,False,2025-05
mkt_0ut5jays,org_dhylurtp,upgrade_enterprise,email,2025-08-04,False,True,2025-08
mkt_ywu2gyia,org_vyie6ivw,upgrade_pro,email,2025-07-20,False,True,2025-07
mkt_w7foe4c5,org_41ibljh7,security_week,event,2025-06-06,True,False,2025-06
mkt_pnedl60y,org_w3zp08j3,security_week,event,2025-05-04,True,False,2025-05
mkt_okr78l1m,org_dppq0y9d,upgrade_pro,ads,2025-08-18,False,False,2025-08
mkt_rd8jpabs,org_tvhhpbmy,webinar_finops,in_app,2025-06-26,False,False,2025-06
mkt_m2oteymo,org_x7eedtjv,security_week,ads,2025-08-29,False,False,2025-08
mkt_mlf65j1v,org_okep7y6w,upgrade_pro,event,2025-05-21,True,False,2025-05
mkt_rkf4ht69,org_8mdd4v30,upgrade_pro,event,2025-07-29,False,False,2025-07
mkt_a14350q8,org_c11ertj5,webinar_finops,in_app,2025-08-13,False,False,2025-08
mkt_obw3j6so,org_0lvsnujz,upgrade_enterprise,ads,2025-06-01,True,True,2025-06
mkt_g2lbwtbv,org_5iqvnb4g,webinar_finops,event,2025-08-02,False,True,2025-08
mkt_50hya1w3,org_pvs7hzio,genai_launch,ads,2025-07-11,False,False,2025-07
mkt_rr43ur4m,org_w3zp08j3,upgrade_enterprise,ads,2025-07-10,False,False,2025-07
mkt_fjhojalb,org_ykl1cq99,welcome,ads,2025-05-22,True,False,2025-05
mkt_h1nyks9u,org_pvs7hzio,genai_launch,email,2025-07-22,False,False,2025-07
mkt_rxijam31,org_xaji0y6d,webinar_finops,event,2025-06-18,False,False,2025-06
mkt_bxpgwjx3,org_y9v86wzs,upgrade_enterprise,email,2025-07-11,False,False,2025-07
mkt_bid6v1lk,org_id25owf7,welcome,email,2025-07-15,True,False,2025-07
mkt_4aglbd0x,org_5935a0l7,genai_launch,in_app,2025-06-27,False,False,2025-06
mkt_qtqv8els,org_hv3a3zmf,genai_launch,event,2025-06-27,True,False,2025-06
mkt_pj6sfas0,org_pvs7hzio,genai_launch,event,2025-07-19,False,False,2025-07
mkt_4lx5z3ju,org_dzr1yxr2,webinar_finops,email,2025-07-13,True,False,2025-07
mkt_fxh8p0mt,org_chj755nf,upgrade_enterprise,in_app,2025-06-11,False,False,2025-06
mkt_z1fpr7h4,org_4zw9xa3k,upgrade_enterprise,ads,2025-08-26,True,False,2025-08
mkt_pzngvxxy,org_okep7y6w,upgrade_enterprise,ads,2025-06-24,False,False,2025-06
mkt_n9t61qsk,org_cvs4f8cg,genai_launch,ads,2025-07-25,False,False,2025-07
mkt_fnnmlwva,org_nam148p0,genai_launch,email,2025-05-13,True,False,2025-05
mkt_pfe0hrqs,org_wm31yiha,security_week,email,2025-07-13,True,False,2025-07
mkt_u95iyub3,org_0lzjjege,upgrade_pro,event,2025-05-28,False,False,2025-05
mkt_1p35zwqy,org_sg65kxvf,security_week,in_app,2025-06-24,False,False,2025-06
mkt_t39uzc2p,org_kdgigatj,genai_launch,email,2025-05-18,True,False,2025-05
mkt_lhs95twb,org_1t2tala7,welcome,in_app,2025-05-15,False,False,2025-05
mkt_qhsmcrcu,org_pvs7hzio,upgrade_enterprise,in_app,2025-05-11,True,True,2025-05
mkt_n91wg3hj,org_i7p5tb94,security_week,ads,2025-05-28,False,False,2025-05
mkt_sos58yof,org_ofqewaou,security_week,ads,2025-07-25,False,False,2025-07
mkt_vyg72vwm,org_pac56t4u,webinar_finops,in_app,2025-06-24,False,False,2025-06
mkt_d5tfu2sn,org_jxepq85j,webinar_finops,ads,2025-07-04,False,False,2025-07
mkt_x1se3xr6,org_dhylurtp,genai_launch,in_app,2025-05-16,True,False,2025-05
mkt_n18beqer,org_dppq0y9d,upgrade_pro,email,2025-06-28,False,False,2025-06
mkt_ftnvijzx,org_kdgigatj,upgrade_enterprise,ads,2025-06-05,False,False,2025-06
mkt_4xvqbzbr,org_ykl1cq99,security_week,in_app,2025-07-22,False,False,2025-07
mkt_qw5259gm,org_axeqbnhl,welcome,ads,2025-07-12,True,False,2025-07
mkt_q2p014x5,org_53lc58dr,genai_launch,email,2025-07-28,False,False,2025-07
mkt_dlwy1p6m,org_a7tz0ync,genai_launch,email,2025-08-12,True,False,2025-08
mkt_xswy0szk,org_5iqvnb4g,webinar_finops,in_app,2025-08-28,False,False,2025-08
mkt_bnsh8llr,org_9mx2x18h,security_week,in_app,2025-07-13,False,False,2025-07
mkt_b7dfixlb,org_wm31yiha,genai_launch,ads,2025-07-20,False,False,2025-07
mkt_o9ewo7tc,org_ir4cowgz,welcome,email,2025-06-08,False,False,2025-06
mkt_bw5qqb5i,org_pvs7hzio,security_week,event,2025-05-16,False,False,2025-05
mkt_92wmsj9u,org_fel6246h,upgrade_pro,event,2025-08-11,True,False,2025-08
mkt_k693p483,org_pbhsahxt,upgrade_pro,event,2025-07-25,False,False,2025-07
mkt_chelhrx5,org_trp0j43d,security_week,event,2025-05-28,False,False,2025-05
mkt_m8nzf6yx,org_vyie6ivw,welcome,in_app,2025-05-12,False,False,2025-05
mkt_is81hbud,org_dbdw2pcn,welcome,ads,2025-05-22,False,False,2025-05
mkt_u7xx9igd,org_g8sbi4q2,upgrade_enterprise,email,2025-08-01,True,False,2025-08
mkt_40cm0tu2,org_1t2tala7,genai_launch,email,2025-08-01,False,False,2025-08
mkt_aqhknqjg,org_8mdd4v30,upgrade_pro,in_app,2025-08-12,False,True,2025-08
mkt_e0utx7r0,org_ly8ozcyw,webinar_finops,ads,2025-06-25,True,False,2025-06
mkt_7vppm86c,org_dppq0y9d,upgrade_enterprise,event,2025-08-23,False,False,2025-08
mkt_xotx76d2,org_vyie6ivw,welcome,event,2025-06-29,False,False,2025-06
mkt_kjrzcv3h,org_pac56t4u,genai_launch,ads,2025-06-04,False,False,2025-06
mkt_rqa9vzeo,org_dhylurtp,security_week,event,2025-06-05,False,False,2025-06
mkt_x981bf8w,org_pja1wj0t,security_week,event,2025-05-09,True,False,2025-05
mkt_80uxn3e6,org_wnnhj7xv,upgrade_enterprise,event,2025-07-11,False,False,2025-07
mkt_oqe09o8a,org_1t2tala7,webinar_finops,event,2025-05-22,True,True,2025-05
mkt_906k37e4,org_d14ve92m,webinar_finops,ads,2025-07-12,True,True,2025-07
mkt_ey9jvb6h,org_5935a0l7,upgrade_enterprise,email,2025-08-13,False,False,2025-08
mkt_pphpm0d5,org_h2m5zja8,upgrade_pro,in_app,2025-05-29,False,False,2025-05
mkt_wlwjojaf,org_253j2d54,upgrade_pro,email,2025-07-08,False,False,2025-07
mkt_i4ckom5f,org_sg65kxvf,webinar_finops,email,2025-07-17,True,False,2025-07
mkt_33dnrehu,org_y9v86wzs,upgrade_pro,in_app,2025-06-16,False,True,2025-06
mkt_2m6nwmuf,org_hv3a3zmf,upgrade_pro,ads,2025-07-03,False,False,2025-07
mkt_gyn53kbh,org_53lc58dr,upgrade_pro,event,2025-06-05,False,True,2025-06
mkt_423l90mc,org_ofqewaou,security_week,event,2025-07-25,True,False,2025-07
mkt_zh7827jt,org_fel6246h,genai_launch,in_app,2025-07-18,False,False,2025-07
mkt_rg6iaqii,org_1n13jcat,upgrade_enterprise,event,2025-05-19,True,True,2025-05
mkt_jnn0dyk3,org_5iqvnb4g,upgrade_pro,event,2025-06-13,True,False,2025-06
mkt_fdj2qsvl,org_afeyuhz1,upgrade_enterprise,email,2025-07-28,False,True,2025-07
mkt_c5aalirp,org_dhylurtp,upgrade_pro,in_app,2025-05-30,False,False,2025-05
mkt_dgz2sc0t,org_axeqbnhl,welcome,email,2025-07-12,False,True,2025-07
mkt_8dhddcir,org_id25owf7,genai_launch,in_app,2025-06-04,False,False,2025-06
mkt_ow8a2cqb,org_t9nt3w5u,welcome,event,2025-07-31,False,False,2025-07
mkt_ywlklqbx,org_1swjckjl,welcome,ads,2025-06-16,True,True,2025-06
mkt_xa53xi3c,org_pseimvih,security_week,event,2025-06-13,True,False,2025-06
mkt_7g0abgb8,org_wm31yiha,webinar_finops,in_app,2025-05-31,False,False,2025-05
mkt_pmx76al3,org_wnnhj7xv,upgrade_enterprise,event,2025-07-15,False,False,2025-07
mkt_g0d2aobl,org_dbdw2pcn,welcome,in_app,2025-08-12,False,False,2025-08
mkt_j0ua9o6h,org_874frhoc,security_week,ads,2025-06-06,False,False,2025-06
mkt_0feeb9i9,org_pnsm43d8,webinar_finops,in_app,2025-07-17,False,False,2025-07
mkt_exbnxdxw,org_afeyuhz1,webinar_finops,event,2025-06-23,False,False,2025-06
mkt_bc1jlidi,org_nam148p0,genai_launch,in_app,2025-06-26,False,False,2025-06
mkt_ggn92f0j,org_t1ghr09s,genai_launch,ads,2025-06-13,False,False,2025-06
mkt_3okeksk2,org_teiyzcot,security_week,in_app,2025-06-14,False,False,2025-06
mkt_vpajspj0,org_53lc58dr,upgrade_enterprise,event,2025-07-02,False,False,2025-07
mkt_0vmpqyw5,org_afeyuhz1,upgrade_enterprise,event,2025-07-05,True,False,2025-07
mkt_ixtwgqio,org_pbhsahxt,genai_launch,email,2025-06-14,False,False,2025-06
mkt_1mgn8nl4,org_g8sbi4q2,welcome,ads,2025-05-17,False,False,2025-05
mkt_j1of25sw,org_5lxo6qji,upgrade_pro,event,2025-06-20,True,False,2025-06
mkt_okj2ni4z,org_ofqewaou,welcome,event,2025-08-01,False,False,2025-08
mkt_f5187ozy,org_axeqbnhl,webinar_finops,event,2025-08-26,False,False,2025-08
mkt_muzzo15u,org_tvhhpbmy,security_week,in_app,2025-05-07,True,False,2025-05
mkt_50fh61n7,org_id25owf7,security_week,in_app,2025-06-09,False,False,2025-06
mkt_fdrfqx78,org_pbhsahxt,genai_launch,in_app,2025-05-29,False,False,2025-05
mkt_0tij7kts,org_y9v86wzs,welcome,email,2025-08-31,True,False,2025-08
mkt_pya2otkq,org_t1ghr09s,upgrade_pro,email,2025-06-10,True,False,2025-06
mkt_xw112cd4,org_gv0e38da,webinar_finops,event,2025-08-03,False,False,2025-08
mkt_ysd6shqb,org_874frhoc,upgrade_enterprise,email,2025-08-28,False,False,2025-08
mkt_a3rnqf3a,org_1t2tala7,upgrade_enterprise,in_app,2025-08-01,False,False,2025-08
mkt_dtprtzuf,org_y9v86wzs,webinar_finops,in_app,2025-07-19,False,False,2025-07
mkt_0ue99oh1,org_h2m5zja8,upgrade_pro,ads,2025-06-29,False,False,2025-06
mkt_2pgx409w,org_uzfk8ut0,upgrade_pro,event,2025-05-28,True,False,2025-05
mkt_nzmo7gde,org_i7p5tb94,security_week,ads,2025-07-03,True,False,2025-07
mkt_74v6aous,org_t1ghr09s,upgrade_pro,ads,2025-05-05,True,False,2025-05
mkt_x9dxznkq,org_8mdd4v30,genai_launch,ads,2025-08-25,True,False,2025-08
mkt_wqyo6ilv,org_jxepq85j,upgrade_enterprise,event,2025-05-18,False,False,2025-05
mkt_b8dm1aoz,org_g0fn9xuy,upgrade_pro,ads,2025-05-10,False,False,2025-05
mkt_ujv1cijj,org_pac56t4u,genai_launch,ads,2025-08-18,False,False,2025-08
mkt_rx3xhytd,org_vyie6ivw,upgrade_pro,event,2025-08-23,False,False,2025-08
mkt_bu2j085r,org_vyie6ivw,security_week,in_app,2025-07-13,False,False,2025-07
mkt_hcjtdakx,org_om5igqpk,upgrade_enterprise,ads,2025-07-26,False,False,2025-07
mkt_vx1bl6f6,org_he7ur23g,webinar_finops,event,2025-06-20,False,False,2025-06
mkt_fu547otb,org_okep7y6w,genai_launch,email,2025-06-10,True,False,2025-06
mkt_85vif81j,org_5lxo6qji,security_week,email,2025-08-20,False,False,2025-08
mkt_67kjfclc,org_ly8ozcyw,webinar_finops,in_app,2025-08-31,False,False,2025-08
mkt_cr9d47d7,org_x7eedtjv,genai_launch,ads,2025-07-15,False,False,2025-07
mkt_nc2dzdrh,org_chj755nf,upgrade_enterprise,ads,2025-07-19,True,False,2025-07
mkt_ezul4ae6,org_0lvsnujz,upgrade_enterprise,email,2025-05-05,False,False,2025-05
mkt_ya8s2dde,org_tvhhpbmy,upgrade_pro,in_app,2025-07-16,False,False,2025-07
mkt_t4kerz1v,org_chj755nf,webinar_finops,in_app,2025-07-09,False,False,2025-07
mkt_8rsrkpvi,org_7e8g8jdp,upgrade_pro,event,2025-08-03,False,False,2025-08
mkt_2c7rwe9e,org_5iqvnb4g,upgrade_pro,event,2025-05-19,False,True,2025-05
mkt_ukifm5ci,org_pvs7hzio,upgrade_enterprise,in_app,2025-08-23,False,False,2025-08
mkt_7hbvpxno,org_dhylurtp,upgrade_pro,in_app,2025-06-01,True,False,2025-06
mkt_jmgl1rlc,org_7e8g8jdp,webinar_finops,event,2025-07-06,True,False,2025-07
mkt_fnr37qtz,org_ly8ozcyw,upgrade_enterprise,ads,2025-07-07,True,False,2025-07
mkt_js6pvs9v,org_n9j2qp89,security_week,event,2025-07-06,False,False,2025-07
mkt_9bd9zmq7,org_pnsm43d8,upgrade_enterprise,email,2025-08-05,False,False,2025-08
mkt_7hns54gw,org_dppq0y9d,upgrade_enterprise,event,2025-05-14,False,False,2025-05
mkt_dfo1nnj5,org_l58kxo9t,upgrade_enterprise,in_app,2025-05-25,False,False,2025-05
mkt_rxc4xj4a,org_ohp6vz41,webinar_finops,event,2025-07-17,False,False,2025-07
mkt_3s8pgbzq,org_om5igqpk,genai_launch,email,2025-05-12,False,False,2025-05
mkt_35aw3ovy,org_dppq0y9d,upgrade_pro,event,2025-06-17,False,False,2025-06
mkt_92defqgs,org_pseimvih,security_week,in_app,2025-08-12,True,False,2025-08
mkt_em2fitgu,org_1swjckjl,upgrade_pro,ads,2025-07-23,False,False,2025-07
mkt_ktq5smvv,org_wnnhj7xv,webinar_finops,event,2025-05-18,True,False,2025-05
mkt_bjb1jven,org_uzfk8ut0,genai_launch,ads,2025-08-10,False,False,2025-08
mkt_2z7mb41g,org_5935a0l7,webinar_finops,email,2025-08-15,False,False,2025-08
mkt_877fxv7a,org_tvhhpbmy,upgrade_pro,ads,2025-07-14,False,False,2025-07
mkt_7kx7mr9v,org_pbhsahxt,upgrade_enterprise,email,2025-06-12,False,True,2025-06
mkt_qiet4akw,org_dppq0y9d,genai_launch,event,2025-08-10,False,False,2025-08
mkt_6zlkw5e1,org_5iqvnb4g,genai_launch,in_app,2025-08-14,True,False,2025-08
mkt_1dxku2k5,org_x7eedtjv,security_week,email,2025-08-20,False,False,2025-08
mkt_ebdstvah,org_n9j2qp89,genai_launch,event,2025-05-21,True,False,2025-05
mkt_m9uza9qv,org_pseimvih,genai_launch,email,2025-08-09,False,False,2025-08
mkt_efhx0zj7,org_pja1wj0t,security_week,event,2025-06-25,False,False,2025-06
mkt_izva3t86,org_axeqbnhl,webinar_finops,ads,2025-07-21,True,False,2025-07
mkt_2vl1tku0,org_cwi64ciy,upgrade_pro,in_app,2025-07-07,False,False,2025-07
mkt_4vpwymfv,org_ohp6vz41,upgrade_enterprise,event,2025-06-15,False,False,2025-06
mkt_tacblqi1,org_ofqewaou,welcome,event,2025-07-16,False,False,2025-07
mkt_n6clpdix,org_1swjckjl,security_week,in_app,2025-06-02,True,False,2025-06
mkt_cvtfhakr,org_41ibljh7,security_week,ads,2025-06-12,False,False,2025-06
mkt_owx4kk1r,org_pht0hl9x,upgrade_pro,email,2025-06-29,True,False,2025-06
mkt_6l5akg06,org_hv3a3zmf,upgrade_enterprise,in_app,2025-07-09,False,False,2025-07
mkt_gkabczlz,org_pvs7hzio,upgrade_pro,email,2025-05-25,True,True,2025-05
mkt_m7odtlk8,org_axeqbnhl,genai_launch,email,2025-06-05,False,False,2025-06
mkt_7n4unffq,org_trp0j43d,webinar_finops,event,2025-08-11,False,False,2025-08
mkt_i1hf2ykg,org_id25owf7,upgrade_enterprise,email,2025-06-11,False,False,2025-06
mkt_icx7fnba,org_1swjckjl,security_week,ads,2025-07-04,True,False,2025-07
mkt_3vo6yvpd,org_zbikcidk,upgrade_enterprise,email,2025-06-05,True,False,2025-06
mkt_kfeekot1,org_dppq0y9d,webinar_finops,event,2025-07-25,True,False,2025-07
mkt_6migovr9,org_zbikcidk,upgrade_pro,in_app,2025-06-09,True,False,2025-06
mkt_ahembh4v,org_i7p5tb94,upgrade_pro,event,2025-08-22,False,False,2025-08
mkt_sk23afpy,org_hv3a3zmf,upgrade_enterprise,ads,2025-06-20,True,False,2025-06
mkt_buxhwrrv,org_1t2tala7,genai_launch,in_app,2025-08-12,False,False,2025-08
mkt_axgumdf4,org_253j2d54,upgrade_pro,email,2025-08-26,False,False,2025-08
mkt_nzkrsn8l,org_1t2tala7,welcome,in_app,2025-07-22,False,False,2025-07
mkt_0uw6ik20,org_7e8g8jdp,genai_launch,in_app,2025-06-16,False,False,2025-06
mkt_9ei8xq6t,org_id25owf7,security_week,ads,2025-08-18,False,False,2025-08
mkt_clk04p2e,org_nam148p0,genai_launch,ads,2025-08-04,False,False,2025-08
mkt_k1hw67y9,org_chj755nf,webinar_finops,ads,2025-05-12,True,False,2025-05
mkt_pppcgq6p,org_ir4cowgz,webinar_finops,ads,2025-06-12,False,False,2025-06
mkt_e2fdzlto,org_1swjckjl,genai_launch,in_app,2025-06-09,False,False,2025-06
mkt_czcecert,org_pht0hl9x,upgrade_pro,event,2025-08-07,True,False,2025-08
mkt_7awrpmeh,org_tvhhpbmy,security_week,in_app,2025-07-04,False,False,2025-07
mkt_rtvce3sk,org_gv0e38da,upgrade_enterprise,event,2025-06-03,False,False,2025-06
mkt_so6dkfla,org_ir4cowgz,welcome,event,2025-07-08,False,False,2025-07
mkt_b0qm6ut6,org_9mx2x18h,upgrade_pro,email,2025-08-17,False,False,2025-08
mkt_fizhjmxs,org_okep7y6w,upgrade_pro,ads,2025-07-25,True,False,2025-07
mkt_nwer8zdx,org_chj755nf,genai_launch,in_app,2025-05-10,False,False,2025-05
mkt_hyou5mhs,org_ujv6oh9s,upgrade_enterprise,event,2025-05-28,False,False,2025-05
mkt_bdj532fp,org_4zw9xa3k,genai_launch,in_app,2025-05-18,False,False,2025-05
mkt_kp555n2r,org_uzfk8ut0,genai_launch,in_app,2025-08-05,False,False,2025-08
mkt_9lm86r4y,org_l58kxo9t,upgrade_pro,event,2025-05-12,False,False,2025-05
mkt_l1w9jpkp,org_pnsm43d8,webinar_finops,in_app,2025-05-07,False,False,2025-05
mkt_f3uz3aoe,org_5iqvnb4g,welcome,in_app,2025-05-16,True,False,2025-05
mkt_aoeultmd,org_xll4zklo,upgrade_pro,ads,2025-07-20,False,False,2025-07
mkt_3bpeqprv,org_pja1wj0t,welcome,ads,2025-06-29,False,False,2025-06
mkt_ilap1j55,org_pbhsahxt,genai_launch,in_app,2025-08-28,False,False,2025-08
mkt_cuk5x6g2,org_ujv6oh9s,security_week,event,2025-07-06,False,False,2025-07
mkt_krt47z0a,org_pvs7hzio,welcome,in_app,2025-08-24,False,False,2025-08
mkt_690q5n5k,org_ktakpuxq,genai_launch,ads,2025-05-25,True,False,2025-05
mkt_xqhxtdqy,org_t1ghr09s,genai_launch,in_app,2025-05-06,False,False,2025-05
mkt_89fiq0fc,org_pht0hl9x,security_week,email,2025-05-06,False,False,2025-05
mkt_uzlzoo0a,org_i3qk2iag,upgrade_enterprise,event,2025-05-04,False,False,2025-05
mkt_hwy423pa,org_wnnhj7xv,upgrade_pro,in_app,2025-07-10,False,False,2025-07
mkt_ce2f346z,org_dbdw2pcn,genai_launch,email,2025-05-16,True,False,2025-05
mkt_ssjnj8th,org_1swjckjl,genai_launch,in_app,2025-08-07,False,False,2025-08
mkt_1pqua2f9,org_teiyzcot,genai_launch,email,2025-07-13,True,False,2025-07
mkt_to0wzn4x,org_1n13jcat,webinar_finops,ads,2025-07-06,False,False,2025-07
mkt_j765va97,org_5935a0l7,genai_launch,ads,2025-07-23,False,False,2025-07
mkt_kzb5fw1d,org_jxepq85j,webinar_finops,event,2025-06-13,True,False,2025-06
mkt_uhbx6adl,org_y9v86wzs,upgrade_enterprise,ads,2025-08-03,True,False,2025-08
mkt_or2tyzc5,org_41ibljh7,upgrade_pro,event,2025-07-01,False,True,2025-07
mkt_hssx0bjc,org_g8sbi4q2,upgrade_enterprise,email,2025-07-02,False,False,2025-07
mkt_kjco6my4,org_cwi64ciy,upgrade_pro,email,2025-07-23,True,False,2025-07
mkt_gwdshlls,org_phr62gds,security_week,in_app,2025-05-23,False,False,2025-05
mkt_hwa7slkd,org_phr62gds,upgrade_pro,in_app,2025-06-20,True,False,2025-06
mkt_4qjd7b52,org_1swjckjl,security_week,event,2025-06-29,False,False,2025-06
mkt_xovyxhzp,org_874frhoc,webinar_finops,email,2025-05-13,False,False,2025-05
mkt_dso9spdu,org_dzr1yxr2,welcome,event,2025-08-09,False,False,2025-08
mkt_3nm0sxfc,org_n9j2qp89,webinar_finops,email,2025-06-04,False,False,2025-06
mkt_5z5l9hgm,org_dhylurtp,upgrade_enterprise,ads,2025-06-15,True,False,2025-06
mkt_tvppfnni,org_pht0hl9x,security_week,event,2025-05-11,True,True,2025-05
mkt_ix1sknxd,org_0lvsnujz,webinar_finops,email,2025-08-04,False,False,2025-08
mkt_6zmbytjp,org_pja1wj0t,security_week,email,2025-07-01,True,False,2025-07
mkt_tvh31a2m,org_uzfk8ut0,upgrade_pro,ads,2025-06-10,False,False,2025-06
mkt_f3g1puxj,org_dppq0y9d,welcome,email,2025-07-05,False,True,2025-07
mkt_cn0cl5nk,org_0lzjjege,welcome,in_app,2025-06-07,False,False,2025-06
mkt_di2qg6tu,org_874frhoc,welcome,email,2025-06-19,True,False,2025-06
mkt_q54x1i54,org_w3zp08j3,upgrade_pro,email,2025-06-30,False,False,2025-06
mkt_82q78e5s,org_teiyzcot,webinar_finops,in_app,2025-06-10,False,False,2025-06
mkt_fe0x7h2c,org_w3zp08j3,welcome,in_app,2025-07-31,False,False,2025-07
mkt_pcc3zkgy,org_0lvsnujz,genai_launch,email,2025-07-22,False,False,2025-07
mkt_r58mx4yq,org_fel6246h,welcome,event,2025-06-21,False,False,2025-06
mkt_q14267yu,org_dhylurtp,upgrade_enterprise,ads,2025-08-20,False,False,2025-08
mkt_rnzp1oqk,org_rixa11dp,webinar_finops,ads,2025-05-15,False,False,2025-05
mkt_v0n4h2aw,org_dppq0y9d,genai_launch,ads,2025-07-16,False,False,2025-07
mkt_nf3keyyn,org_fel6246h,webinar_finops,event,2025-07-15,False,False,2025-07
mkt_2w8g4u1i,org_cvs4f8cg,upgrade_enterprise,ads,2025-07-03,False,False,2025-07
mkt_waayribe,org_gv0e38da,upgrade_enterprise,in_app,2025-05-05,False,False,2025-05
mkt_rxe6l0dc,org_uzfk8ut0,webinar_finops,event,2025-06-04,True,False,2025-06
mkt_z6pbbouz,org_w3zp08j3,upgrade_enterprise,email,2025-08-20,False,False,2025-08
mkt_y46v57hl,org_dppq0y9d,upgrade_pro,email,2025-06-29,False,False,2025-06
mkt_szm6vduq,org_5935a0l7,welcome,email,2025-05-25,False,False,2025-05
mkt_dji6sow4,org_ofqewaou,welcome,event,2025-08-13,False,False,2025-08
mkt_yif5d9re,org_5iqvnb4g,upgrade_enterprise,ads,2025-06-01,False,False,2025-06
mkt_xpfsltj6,org_dbdw2pcn,upgrade_pro,event,2025-05-21,True,False,2025-05
mkt_69rea3y0,org_1t2tala7,webinar_finops,in_app,2025-07-06,True,False,2025-07
mkt_xaobk02l,org_zhwjr64d,upgrade_pro,event,2025-06-21,True,False,2025-06
mkt_vumhf5ox,org_nam148p0,welcome,event,2025-07-03,False,False,2025-07
mkt_05zhi646,org_t1ghr09s,webinar_finops,event,2025-08-05,False,False,2025-08
mkt_nz3ha6cb,org_1t2tala7,welcome,in_app,2025-07-01,True,False,2025-07
mkt_b3vcpea7,org_pvs7hzio,upgrade_enterprise,email,2025-07-06,False,True,2025-07
mkt_4tbs9izk,org_9t84azyt,webinar_finops,email,2025-08-20,False,False,2025-08
mkt_m5vgywi7,org_i3qk2iag,security_week,email,2025-07-10,True,False,2025-07
mkt_zwpd1otx,org_rixa11dp,upgrade_pro,email,2025-08-01,True,False,2025-08
mkt_s3fewsm9,org_5iqvnb4g,genai_launch,event,2025-05-17,True,False,2025-05
mkt_1kqzjqam,org_5iqvnb4g,genai_launch,ads,2025-08-28,True,False,2025-08
mkt_zc39bmth,org_phr62gds,welcome,ads,2025-07-07,False,False,2025-07
mkt_2i5p7vwk,org_okep7y6w,upgrade_enterprise,ads,2025-06-13,False,False,2025-06
mkt_fu90fpi9,org_trp0j43d,upgrade_pro,ads,2025-05-28,False,False,2025-05
mkt_0mb0orr5,org_ktakpuxq,security_week,email,2025-08-24,False,False,2025-08
mkt_sr5et3h7,org_1t2tala7,welcome,in_app,2025-06-04,False,True,2025-06
mkt_psxmdx52,org_dhylurtp,upgrade_pro,email,2025-08-31,False,False,2025-08
mkt_f7gfppsy,org_chj755nf,genai_launch,ads,2025-06-13,False,False,2025-06
mkt_azhxdo3g,org_trp0j43d,upgrade_pro,ads,2025-05-16,False,False,2025-05
mkt_txyz8akv,org_41ibljh7,upgrade_enterprise,email,2025-07-22,False,True,2025-07
mkt_3udlwrfl,org_pht0hl9x,upgrade_enterprise,email,2025-08-23,False,False,2025-08
mkt_vrktgu8t,org_dbdw2pcn,welcome,in_app,2025-07-18,False,False,2025-07
mkt_l777k1d8,org_1swjckjl,webinar_finops,in_app,2025-05-27,False,False,2025-05
mkt_nruu8f85,org_dbdw2pcn,security_week,ads,2025-05-25,False,False,2025-05
mkt_5mdtce9s,org_jxepq85j,genai_launch,in_app,2025-05-16,True,False,2025-05
mkt_b5mbzgjz,org_wnnhj7xv,webinar_finops,email,2025-05-20,True,False,2025-05
mkt_g8u6mqbi,org_0lzjjege,welcome,ads,2025-07-21,False,False,2025-07
mkt_afhe0fwc,org_0lvsnujz,upgrade_enterprise,event,2025-07-03,True,True,2025-07
mkt_s4bju8ox,org_kdgigatj,welcome,email,2025-06-25,False,False,2025-06
mkt_m9f4oheu,org_cvs4f8cg,genai_launch,event,2025-08-22,False,False,2025-08
mkt_n5a8xaej,org_sg65kxvf,genai_launch,in_app,2025-07-23,False,False,2025-07
mkt_gnzfzunq,org_0lzjjege,upgrade_pro,event,2025-07-29,True,False,2025-07
mkt_2w9zl5y3,org_ujv6oh9s,genai_launch,email,2025-05-07,False,False,2025-05
mkt_1k88no1r,org_ly8ozcyw,security_week,event,2025-07-05,False,False,2025-07
mkt_bn62nk7h,org_pac56t4u,webinar_finops,ads,2025-06-07,False,False,2025-06
mkt_lcnptt3m,org_l58kxo9t,upgrade_pro,email,2025-07-22,True,False,2025-07
mkt_5h0jhk0i,org_1n13jcat,welcome,email,2025-06-10,False,False,2025-06
mkt_7mtpforp,org_zhwjr64d,upgrade_pro,event,2025-07-03,False,False,2025-07
mkt_oklf43rs,org_253j2d54,security_week,in_app,2025-05-15,False,True,2025-05
mkt_asvi1x1v,org_253j2d54,security_week,ads,2025-06-17,True,False,2025-06
mkt_h3ji9pvm,org_253j2d54,security_week,email,2025-06-23,True,False,2025-06
mkt_tm12lc9b,org_5935a0l7,welcome,email,2025-05-05,False,False,2025-05
mkt_gjq0aqk7,org_4zw9xa3k,webinar_finops,email,2025-07-15,False,False,2025-07
mkt_11uzq6rf,org_53lc58dr,genai_launch,event,2025-07-14,False,False,2025-07
mkt_8lw7y8au,org_5lxo6qji,genai_launch,in_app,2025-05-12,True,False,2025-05
mkt_bpm9dbez,org_g0fn9xuy,webinar_finops,email,2025-08-20,True,False,2025-08
mkt_a9agulm5,org_1t2tala7,security_week,in_app,2025-05-27,False,False,2025-05
mkt_fqjyyiir,org_pac56t4u,genai_launch,in_app,2025-08-23,False,False,2025-08
mkt_41g20dfx,org_okep7y6w,webinar_finops,event,2025-08-19,False,False,2025-08
mkt_uj5ogqjt,org_zbikcidk,webinar_finops,event,2025-06-03,False,False,2025-06
mkt_4ngydbni,org_1swjckjl,genai_launch,email,2025-08-07,False,False,2025-08
mkt_gzmk8j19,org_pbhsahxt,welcome,email,2025-08-31,False,False,2025-08
mkt_23wvlcx7,org_5935a0l7,upgrade_pro,event,2025-08-30,False,False,2025-08
mkt_mm1hqb1e,org_253j2d54,webinar_finops,in_app,2025-08-02,False,True,2025-08
mkt_g4ohpn9f,org_n9j2qp89,welcome,event,2025-05-18,False,False,2025-05
mkt_dlr8z101,org_nam148p0,genai_launch,in_app,2025-08-27,False,False,2025-08
mkt_jd1bje9x,org_dppq0y9d,welcome,ads,2025-08-29,False,True,2025-08
mkt_oawcud3i,org_i7p5tb94,webinar_finops,ads,2025-07-19,False,False,2025-07
mkt_2iwmc07l,org_ly8ozcyw,webinar_finops,ads,2025-06-03,True,True,2025-06
mkt_blwvf36z,org_gv0e38da,security_week,ads,2025-07-18,True,False,2025-07
mkt_pi288h23,org_dhylurtp,welcome,ads,2025-08-21,False,False,2025-08
mkt_tu8lm7xx,org_trp0j43d,welcome,ads,2025-08-12,True,True,2025-08
mkt_cn3on4fg,org_dbdw2pcn,webinar_finops,email,2025-07-23,True,False,2025-07
mkt_0djq1pqv,org_ujv6oh9s,upgrade_enterprise,email,2025-05-05,False,True,2025-05
mkt_czkakj6s,org_ohp6vz41,upgrade_pro,in_app,2025-06-21,False,False,2025-06
mkt_zxi5n6db,org_pbhsahxt,upgrade_pro,event,2025-05-11,True,False,2025-05
mkt_xf9rexlo,org_ohp6vz41,welcome,in_app,2025-06-01,False,False,2025-06
mkt_yeyqe683,org_ykl1cq99,genai_launch,ads,2025-05-12,True,False,2025-05
mkt_6hfepydb,org_n9j2qp89,webinar_finops,in_app,2025-05-20,True,False,2025-05
mkt_siwfviuc,org_53lc58dr,upgrade_pro,event,2025-05-11,False,False,2025-05
mkt_lhq2eaes,org_9mx2x18h,security_week,event,2025-05-29,False,False,2025-05
mkt_qaxmvw0n,org_d14ve92m,upgrade_enterprise,email,2025-06-13,False,False,2025-06
mkt_hjla9a1n,org_sg65kxvf,upgrade_enterprise,ads,2025-07-16,True,True,2025-07
mkt_3irw50lm,org_phr62gds,upgrade_pro,in_app,2025-05-08,True,False,2025-05
mkt_bvsqoi2j,org_vyie6ivw,upgrade_enterprise,email,2025-06-20,False,False,2025-06
mkt_vzhoyykc,org_i7p5tb94,webinar_finops,in_app,2025-07-25,False,False,2025-07
mkt_zf2tdcit,org_pht0hl9x,upgrade_pro,ads,2025-07-27,False,True,2025-07
mkt_egb1dind,org_g8sbi4q2,webinar_finops,event,2025-07-13,False,False,2025-07
mkt_lfdttnib,org_41ibljh7,upgrade_pro,ads,2025-07-13,False,False,2025-07
mkt_th05ys0w,org_ly8ozcyw,genai_launch,email,2025-08-30,False,True,2025-08
mkt_i4iuyd7r,org_nam148p0,genai_launch,ads,2025-07-27,False,False,2025-07
mkt_ina0vlrr,org_phr62gds,upgrade_pro,event,2025-05-23,False,True,2025-05
mkt_baejz286,org_4zw9xa3k,webinar_finops,event,2025-08-04,True,False,2025-08
mkt_qpjn22y4,org_h2m5zja8,security_week,email,2025-08-09,True,False,2025-08
mkt_lgqtcd21,org_wm31yiha,upgrade_enterprise,event,2025-05-10,False,False,2025-05
mkt_w2kjnvfo,org_xaji0y6d,security_week,email,2025-07-13,True,True,2025-07
mkt_m3vqriqy,org_xaji0y6d,welcome,in_app,2025-08-16,True,False,2025-08
mkt_e1sofpvo,org_gv0e38da,upgrade_pro,ads,2025-05-17,False,False,2025-05
mkt_eo37phan,org_teiyzcot,genai_launch,event,2025-07-11,False,False,2025-07
mkt_hdt4rk9f,org_dzr1yxr2,webinar_finops,email,2025-07-25,False,False,2025-07
mkt_fy71knck,org_0lzjjege,webinar_finops,email,2025-07-20,False,True,2025-07
mkt_onrhhkyc,org_l58kxo9t,upgrade_pro,ads,2025-05-28,False,True,2025-05
mkt_q2ygynki,org_0lzjjege,genai_launch,event,2025-08-10,False,False,2025-08
mkt_v90h7jaj,org_5935a0l7,upgrade_enterprise,email,2025-08-23,False,False,2025-08
mkt_ltuv67ht,org_okep7y6w,genai_launch,in_app,2025-05-23,False,True,2025-05
mkt_2ibtrvxo,org_kdgigatj,upgrade_pro,event,2025-08-30,True,False,2025-08
mkt_i41ug82z,org_d14ve92m,genai_launch,in_app,2025-05-18,False,False,2025-05
mkt_8exrclic,org_x7eedtjv,webinar_finops,email,2025-07-26,True,False,2025-07
mkt_6b0yucqe,org_dhylurtp,genai_launch,ads,2025-07-27,False,False,2025-07
mkt_frsatqv9,org_dhylurtp,webinar_finops,email,2025-05-10,False,False,2025-05
mkt_ob3mqw20,org_h2m5zja8,upgrade_enterprise,email,2025-06-06,False,False,2025-06
mkt_x3rkwwcf,org_cvs4f8cg,upgrade_enterprise,email,2025-08-05,False,False,2025-08
mkt_5dek429m,org_xll4zklo,upgrade_enterprise,event,2025-06-03,False,False,2025-06
mkt_0ttd78pr,org_teiyzcot,welcome,in_app,2025-07-13,False,False,2025-07
mkt_wy8zoi9h,org_pht0hl9x,welcome,in_app,2025-06-25,False,False,2025-06
mkt_dv9nm301,org_jxepq85j,welcome,in_app,2025-05-09,True,False,2025-05
mkt_dvvh6sd4,org_gv0e38da,webinar_finops,ads,2025-08-25,False,False,2025-08
mkt_h4zx5bt8,org_ykl1cq99,upgrade_pro,event,2025-07-16,False,False,2025-07
mkt_zeh3rprg,org_w3zp08j3,security_week,in_app,2025-05-28,False,False,2025-05
mkt_ygo2ype4,org_jxepq85j,security_week,email,2025-07-12,False,False,2025-07
mkt_cwsjb4lv,org_pvs7hzio,welcome,event,2025-08-20,False,False,2025-08
mkt_crfmksli,org_1t2tala7,upgrade_pro,email,2025-08-21,True,False,2025-08
mkt_z63ivv1e,org_nam148p0,welcome,ads,2025-05-10,False,False,2025-05
mkt_rk0vf616,org_pja1wj0t,security_week,event,2025-06-14,False,False,2025-06
mkt_d3cv0l5c,org_vyie6ivw,security_week,event,2025-05-08,False,False,2025-05
mkt_098jrpg7,org_gv0e38da,genai_launch,ads,2025-08-24,True,False,2025-08
mkt_39zobzou,org_ykl1cq99,webinar_finops,email,2025-06-06,True,False,2025-06
mkt_jj30tldo,org_om5igqpk,webinar_finops,ads,2025-06-14,True,False,2025-06
mkt_1va1qoxm,org_5935a0l7,upgrade_pro,ads,2025-08-31,True,True,2025-08
mkt_8bvzl5uq,org_i7p5tb94,welcome,email,2025-08-12,True,True,2025-08
mkt_w6b9w5zq,org_5iqvnb4g,upgrade_enterprise,email,2025-06-28,False,False,2025-06
mkt_w6l87psc,org_fel6246h,security_week,event,2025-08-04,False,False,2025-08
mkt_h8q7qrer,org_cvs4f8cg,webinar_finops,ads,2025-08-13,True,False,2025-08
mkt_ika7lxx0,org_he7ur23g,upgrade_enterprise,ads,2025-06-24,True,False,2025-06
mkt_8dw54i3o,org_wnnhj7xv,welcome,email,2025-05-22,False,True,2025-05
mkt_6gil6dtx,org_vyie6ivw,genai_launch,event,2025-07-06,False,True,2025-07
mkt_ljk85jyy,org_pseimvih,webinar_finops,email,2025-08-26,False,False,2025-08
mkt_fk31avpm,org_jxepq85j,webinar_finops,event,2025-06-02,False,False,2025-06
mkt_6dysx9oj,org_gv0e38da,security_week,email,2025-06-18,True,False,2025-06
mkt_wudrgtz6,org_rixa11dp,webinar_finops,event,2025-05-30,False,True,2025-05
mkt_ql3e49yw,org_1swjckjl,upgrade_pro,email,2025-08-05,True,False,2025-08
mkt_s3nc62ah,org_dppq0y9d,security_week,event,2025-07-14,False,False,2025-07
mkt_nwgu9b8i,org_1t2tala7,upgrade_enterprise,event,2025-06-05,False,False,2025-06
mkt_nnu7pggm,org_tvhhpbmy,genai_launch,ads,2025-06-30,True,False,2025-06
mkt_inudc32g,org_vyie6ivw,welcome,email,2025-08-27,True,False,2025-08
mkt_y422kkwf,org_t1ghr09s,security_week,email,2025-06-20,False,False,2025-06
mkt_apg0jg3y,org_sg65kxvf,genai_launch,email,2025-06-16,True,False,2025-06
mkt_tiihn70n,org_xaji0y6d,webinar_finops,event,2025-08-18,False,False,2025-08
mkt_6jbp33gi,org_8mdd4v30,welcome,in_app,2025-08-13,True,False,2025-08
mkt_unwelajm,org_gv0e38da,webinar_finops,in_app,2025-05-11,False,False,2025-05
mkt_3um94w73,org_0lzjjege,webinar_finops,event,2025-08-15,True,False,2025-08
mkt_9v5745ip,org_wm31yiha,welcome,email,2025-05-20,False,False,2025-05
mkt_65plld5o,org_he7ur23g,webinar_finops,in_app,2025-07-17,True,False,2025-07
mkt_bq2sa12m,org_xll4zklo,security_week,in_app,2025-07-25,False,False,2025-07
mkt_esq790vo,org_7e8g8jdp,welcome,in_app,2025-06-24,False,True,2025-06
mkt_n8pvwjaz,org_pvs7hzio,webinar_finops,email,2025-07-26,True,False,2025-07
mkt_q4x55pb4,org_8mdd4v30,welcome,ads,2025-07-22,False,True,2025-07
mkt_w6c8hs28,org_253j2d54,upgrade_enterprise,event,2025-05-15,True,False,2025-05
mkt_7qmrmplx,org_y9v86wzs,upgrade_enterprise,event,2025-05-18,False,True,2025-05
mkt_c0padrku,org_rixa11dp,webinar_finops,in_app,2025-05-17,False,True,2025-05
mkt_0gkh8vxp,org_5lxo6qji,upgrade_pro,event,2025-07-20,False,False,2025-07
mkt_sa97l6x2,org_kdgigatj,genai_launch,ads,2025-07-01,False,False,2025-07
mkt_oz2imb30,org_chj755nf,upgrade_pro,email,2025-05-08,False,False,2025-05
mkt_jguc3tgl,org_uzfk8ut0,upgrade_pro,event,2025-07-13,False,False,2025-07
mkt_qkbec54t,org_y9v86wzs,webinar_finops,email,2025-07-27,False,False,2025-07
mkt_59pgn3s2,org_i7p5tb94,genai_launch,in_app,2025-07-11,True,False,2025-07
mkt_w1ixu1ou,org_nam148p0,genai_launch,in_app,2025-08-20,True,False,2025-08
mkt_bnlma4ac,org_253j2d54,genai_launch,email,2025-06-23,True,False,2025-06
mkt_1puvd3xa,org_n9j2qp89,welcome,in_app,2025-06-13,False,False,2025-06
mkt_k74f5zqs,org_dhylurtp,upgrade_pro,event,2025-05-16,False,False,2025-05
mkt_1bhlf80h,org_fel6246h,webinar_finops,in_app,2025-07-31,False,False,2025-07
mkt_kkwjsv0z,org_1t2tala7,welcome,email,2025-07-18,True,False,2025-07
mkt_ityfippr,org_l58kxo9t,upgrade_enterprise,ads,2025-08-16,True,False,2025-08
mkt_46qheqkm,org_zbikcidk,genai_launch,event,2025-07-15,True,False,2025-07
mkt_qpy6n7ql,org_okep7y6w,upgrade_pro,in_app,2025-07-21,True,False,2025-07
mkt_bw66v3jr,org_5935a0l7,security_week,in_app,2025-07-07,False,False,2025-07
mkt_1njkiksm,org_874frhoc,genai_launch,ads,2025-08-22,False,False,2025-08
mkt_v4qqj3a1,org_3t60rjiw,webinar_finops,email,2025-08-21,True,False,2025-08
mkt_iopra5a5,org_dhylurtp,genai_launch,event,2025-06-15,True,True,2025-06
mkt_pmlqhdlq,org_afeyuhz1,upgrade_enterprise,email,2025-08-03,False,False,2025-08
mkt_h1cv2xb4,org_0lvsnujz,welcome,email,2025-07-23,True,False,2025-07
mkt_02nmsikj,org_5iqvnb4g,upgrade_enterprise,email,2025-07-31,True,False,2025-07
mkt_i92xpi86,org_l58kxo9t,welcome,ads,2025-05-25,False,False,2025-05
mkt_5eo9w6ya,org_y9v86wzs,security_week,in_app,2025-07-14,True,False,2025-07
mkt_8jb90c03,org_pja1wj0t,webinar_finops,ads,2025-06-19,True,False,2025-06
mkt_v1npcyvu,org_ujv6oh9s,upgrade_enterprise,ads,2025-06-30,False,False,2025-06
mkt_049dd5s0,org_8mdd4v30,security_week,event,2025-05-14,False,True,2025-05
mkt_q7oc0qpd,org_xaji0y6d,genai_launch,event,2025-06-14,True,False,2025-06
mkt_xxsykqvo,org_5iqvnb4g,upgrade_pro,email,2025-08-20,False,False,2025-08
mkt_x2n5zane,org_1t2tala7,welcome,email,2025-06-30,False,False,2025-06
mkt_o9vaxczz,org_uzfk8ut0,genai_launch,email,2025-08-18,True,False,2025-08
mkt_yagzr64l,org_gv0e38da,webinar_finops,in_app,2025-06-06,False,False,2025-06
mkt_4ywp6cbc,org_trp0j43d,upgrade_pro,in_app,2025-05-24,False,False,2025-05
mkt_5tnll5hv,org_nam148p0,welcome,in_app,2025-08-23,False,False,2025-08
mkt_dq0mjkke,org_cwi64ciy,upgrade_pro,email,2025-07-05,False,False,2025-07
mkt_gvka65fz,org_9t84azyt,security_week,ads,2025-06-16,True,False,2025-06
mkt_2rimc6y1,org_8mdd4v30,welcome,in_app,2025-08-02,False,False,2025-08
mkt_ol5rkh87,org_7e8g8jdp,webinar_finops,event,2025-08-05,False,False,2025-08
mkt_cyamnj8p,org_t9nt3w5u,security_week,email,2025-05-28,True,False,2025-05
mkt_l3m871ng,org_5935a0l7,genai_launch,event,2025-07-29,False,False,2025-07
mkt_etl53cuk,org_i7p5tb94,webinar_finops,email,2025-06-07,False,False,2025-06
mkt_52cg99l3,org_ohp6vz41,security_week,ads,2025-08-12,False,False,2025-08
mkt_49dq1gt7,org_he7ur23g,welcome,event,2025-06-04,False,False,2025-06
mkt_dht8d610,org_41ibljh7,upgrade_pro,in_app,2025-05-07,False,False,2025-05
mkt_98cjnjz9,org_sg65kxvf,security_week,email,2025-08-30,True,False,2025-08
mkt_g6dvnq49,org_hv3a3zmf,genai_launch,email,2025-05-09,False,False,2025-05
mkt_440dclqg,org_ofqewaou,welcome,email,2025-08-12,False,True,2025-08
mkt_dd0dilxn,org_ir4cowgz,upgrade_enterprise,ads,2025-08-05,True,False,2025-08
mkt_48lbclap,org_dzr1yxr2,upgrade_pro,ads,2025-07-25,True,False,2025-07
mkt_dz6w5owk,org_dbdw2pcn,security_week,email,2025-08-30,False,False,2025-08
mkt_1lo4p0k9,org_cwi64ciy,webinar_finops,email,2025-06-13,False,False,2025-06
mkt_k20gvf74,org_chj755nf,security_week,email,2025-06-15,False,False,2025-06
mkt_vmblcw0d,org_x7eedtjv,welcome,event,2025-06-03,False,False,2025-06
mkt_pdznxydc,org_dppq0y9d,upgrade_enterprise,ads,2025-06-23,False,False,2025-06
mkt_14zsexe0,org_pht0hl9x,security_week,email,2025-06-29,True,True,2025-06
mkt_of37fd3m,org_ktakpuxq,upgrade_pro,ads,2025-07-27,False,False,2025-07
mkt_wg24unft,org_ofqewaou,webinar_finops,in_app,2025-08-03,False,False,2025-08
mkt_wr2z0auf,org_cwi64ciy,upgrade_pro,ads,2025-06-10,True,False,2025-06
mkt_2w7wr1tq,org_dzr1yxr2,genai_launch,in_app,2025-06-17,False,False,2025-06
mkt_zfb8x6jm,org_wm31yiha,upgrade_enterprise,in_app,2025-05-15,False,False,2025-05
mkt_re2u7fmk,org_zhwjr64d,upgrade_pro,email,2025-07-22,False,False,2025-07
mkt_gzbys7xz,org_pvs7hzio,upgrade_enterprise,event,2025-08-30,True,False,2025-08
mkt_fwsankb2,org_pseimvih,welcome,ads,2025-06-10,False,False,2025-06
mkt_3jpmkrq2,org_wnnhj7xv,upgrade_enterprise,in_app,2025-07-26,False,False,2025-07
mkt_yvmza5w8,org_kdgigatj,security_week,email,2025-08-11,False,False,2025-08
mkt_vloyhdow,org_om5igqpk,webinar_finops,email,2025-05-16,True,False,2025-05
mkt_m2hut7p5,org_ir4cowgz,genai_launch,ads,2025-05-17,True,False,2025-05
mkt_mz6w3co8,org_g0fn9xuy,welcome,in_app,2025-08-19,True,False,2025-08
mkt_pe74add0,org_4zw9xa3k,security_week,email,2025-05-06,True,False,2025-05
mkt_gn7rvxq5,org_5935a0l7,webinar_finops,event,2025-07-05,False,False,2025-07
mkt_1whal104,org_wm31yiha,webinar_finops,email,2025-05-25,False,False,2025-05
mkt_s210u8ul,org_d14ve92m,genai_launch,email,2025-06-13,False,False,2025-06
mkt_v1j308ip,org_53lc58dr,welcome,ads,2025-08-27,True,False,2025-08
mkt_uv58ohcu,org_dbdw2pcn,upgrade_enterprise,in_app,2025-07-06,True,False,2025-07
mkt_0e0r3jss,org_trp0j43d,upgrade_enterprise,event,2025-08-15,True,False,2025-08
mkt_3t14lyf6,org_xll4zklo,upgrade_pro,event,2025-07-14,False,False,2025-07
mkt_nxxx5f6z,org_dzr1yxr2,upgrade_pro,in_app,2025-05-16,True,False,2025-05
mkt_61dhihps,org_ly8ozcyw,upgrade_pro,event,2025-06-26,False,False,2025-06
mkt_mtk7p6xs,org_c11ertj5,genai_launch,email,2025-06-02,False,False,2025-06
mkt_voltrjkl,org_pvs7hzio,webinar_finops,event,2025-05-10,False,False,2025-05
mkt_umcmh7lm,org_okep7y6w,welcome,in_app,2025-07-08,False,False,2025-07
mkt_2lw7zrtq,org_7e8g8jdp,welcome,email,2025-06-08,True,False,2025-06
mkt_j8cw8n57,org_afeyuhz1,welcome,in_app,2025-07-28,False,True,2025-07
mkt_ple0ewrj,org_i3qk2iag,security_week,event,2025-06-13,True,False,2025-06
mkt_iwml12p5,org_tvhhpbmy,genai_launch,email,2025-05-16,False,False,2025-05
mkt_wpvi06b8,org_a7tz0ync,security_week,email,2025-06-17,True,False,2025-06
mkt_msg4ogb1,org_zbikcidk,security_week,in_app,2025-07-22,False,False,2025-07
mkt_lrxgkekt,org_d14ve92m,welcome,in_app,2025-07-14,True,False,2025-07
mkt_0kxgntus,org_jxepq85j,webinar_finops,email,2025-07-08,False,False,2025-07
mkt_jxbcwsba,org_9mx2x18h,webinar_finops,event,2025-08-18,False,False,2025-08
mkt_h6tc45pi,org_teiyzcot,webinar_finops,ads,2025-05-19,True,True,2025-05
mkt_2so0dmjp,org_jxepq85j,welcome,email,2025-06-04,False,False,2025-06
mkt_aifowp47,org_fel6246h,security_week,in_app,2025-06-03,False,False,2025-06
mkt_3ozrblh7,org_g8sbi4q2,webinar_finops,email,2025-06-25,False,False,2025-06
mkt_4kudyz3m,org_ykl1cq99,upgrade_enterprise,event,2025-06-06,True,False,2025-06
mkt_qwy2nb95,org_1swjckjl,security_week,ads,2025-06-25,False,False,2025-06
mkt_8804xxu4,org_pvs7hzio,webinar_finops,ads,2025-06-30,False,False,2025-06
mkt_yq5tdfgj,org_ohp6vz41,upgrade_enterprise,in_app,2025-08-27,False,False,2025-08
mkt_7nrskoqv,org_3t60rjiw,upgrade_enterprise,email,2025-06-24,False,False,2025-06
mkt_333c2uud,org_kdgigatj,upgrade_pro,email,2025-08-27,True,False,2025-08
mkt_sqncuyk2,org_wnnhj7xv,welcome,ads,2025-07-11,False,False,2025-07
mkt_vfhd7wg1,org_tvhhpbmy,welcome,event,2025-07-06,False,False,2025-07
mkt_1sxxrppn,org_ykl1cq99,genai_launch,ads,2025-08-13,False,False,2025-08
mkt_l6rnkwxz,org_53lc58dr,security_week,ads,2025-07-05,True,False,2025-07
mkt_wl9pqrmo,org_xll4zklo,upgrade_pro,email,2025-07-19,False,False,2025-07
mkt_u803jw6r,org_3t60rjiw,genai_launch,in_app,2025-08-08,False,False,2025-08
mkt_8ykehvq9,org_xaji0y6d,welcome,ads,2025-08-08,True,False,2025-08
mkt_xd8xq41w,org_teiyzcot,genai_launch,ads,2025-05-29,True,False,2025-05
mkt_jx3xyrg7,org_ly8ozcyw,webinar_finops,ads,2025-06-28,False,False,2025-06
mkt_qsodmx0r,org_uzfk8ut0,webinar_finops,ads,2025-08-22,False,False,2025-08
mkt_dt5nhxf4,org_wm31yiha,upgrade_enterprise,in_app,2025-05-23,False,False,2025-05
mkt_t8ma1024,org_pnsm43d8,upgrade_pro,email,2025-07-29,True,False,2025-07
mkt_rv3nsxof,org_cwi64ciy,security_week,event,2025-08-13,False,False,2025-08
mkt_6t6weggh,org_zhwjr64d,upgrade_enterprise,ads,2025-05-16,False,False,2025-05
mkt_02wpkqj3,org_h2m5zja8,webinar_finops,email,2025-05-23,False,False,2025-05
mkt_9qzj9yr3,org_5iqvnb4g,welcome,ads,2025-06-05,False,False,2025-06
mkt_3ikuzu9s,org_3t60rjiw,webinar_finops,event,2025-07-29,False,True,2025-07
mkt_h7n1bqg3,org_cvs4f8cg,upgrade_enterprise,event,2025-07-29,True,False,2025-07
mkt_dcmyxbd0,org_afeyuhz1,welcome,email,2025-05-24,False,False,2025-05
mkt_7q2jbtzg,org_l58kxo9t,upgrade_pro,event,2025-08-28,False,False,2025-08
mkt_tld6f0n3,org_l58kxo9t,welcome,ads,2025-07-13,False,False,2025-07
mkt_it2vqymh,org_xaji0y6d,webinar_finops,event,2025-08-04,True,False,2025-08
mkt_p9nymsor,org_t1ghr09s,genai_launch,event,2025-06-20,False,True,2025-06
mkt_qetjdh23,org_trp0j43d,security_week,event,2025-06-15,False,False,2025-06
mkt_1wcgv6lr,org_9mx2x18h,upgrade_pro,event,2025-07-19,False,False,2025-07
mkt_lwp47lz0,org_c11ertj5,upgrade_enterprise,event,2025-06-17,False,False,2025-06
mkt_o158j8h1,org_pbhsahxt,security_week,email,2025-08-05,False,False,2025-08
mkt_9yx6yinw,org_3t60rjiw,welcome,in_app,2025-08-31,False,False,2025-08
mkt_4uf3s9m8,org_phr62gds,webinar_finops,event,2025-05-11,False,False,2025-05
mkt_yi038z2f,org_trp0j43d,genai_launch,email,2025-07-05,True,False,2025-07
mkt_s1o7d3y8,org_9t84azyt,upgrade_pro,email,2025-08-21,False,False,2025-08
mkt_2fjxlfn7,org_d14ve92m,webinar_finops,event,2025-05-30,True,False,2025-05
mkt_v2t3flwl,org_dbdw2pcn,upgrade_pro,ads,2025-05-23,False,False,2025-05
mkt_91qjwnnh,org_wm31yiha,webinar_finops,ads,2025-06-30,False,False,2025-06
mkt_n3k7dd1t,org_cwi64ciy,welcome,in_app,2025-06-03,False,True,2025-06
mkt_46mh7g8y,org_ykl1cq99,upgrade_pro,email,2025-06-02,True,False,2025-06
mkt_fh3xdvq8,org_t1ghr09s,upgrade_pro,ads,2025-05-31,True,False,2025-05
mkt_pkd2krcn,org_l58kxo9t,welcome,email,2025-06-07,True,True,2025-06
mkt_ebcxiijc,org_dhylurtp,security_week,ads,2025-07-21,True,False,2025-07
mkt_dgghohs5,org_wnnhj7xv,webinar_finops,ads,2025-06-30,False,False,2025-06
mkt_ok6bu9xr,org_t9nt3w5u,webinar_finops,in_app,2025-08-01,False,False,2025-08
mkt_dt1n0nrx,org_okep7y6w,welcome,in_app,2025-05-27,False,False,2025-05
mkt_yco8rbt4,org_53lc58dr,genai_launch,email,2025-06-27,False,True,2025-06
mkt_obks3ii3,org_l58kxo9t,security_week,in_app,2025-07-06,True,False,2025-07
mkt_f4x2jpkv,org_phr62gds,security_week,event,2025-08-19,True,False,2025-08
mkt_cbzyiyn6,org_xaji0y6d,webinar_finops,ads,2025-07-07,False,False,2025-07
mkt_2u8z1xie,org_trp0j43d,security_week,email,2025-05-14,False,False,2025-05
mkt_39zvyec5,org_9t84azyt,welcome,event,2025-06-23,False,False,2025-06
mkt_udotuqaj,org_7e8g8jdp,webinar_finops,email,2025-07-05,True,False,2025-07
mkt_elivwoe5,org_tvhhpbmy,webinar_finops,event,2025-08-29,False,True,2025-08
mkt_8oagp01t,org_vyie6ivw,upgrade_pro,email,2025-07-09,False,False,2025-07
mkt_snja57i1,org_wm31yiha,upgrade_pro,email,2025-08-22,False,False,2025-08
mkt_niskywco,org_0lvsnujz,webinar_finops,email,2025-06-10,True,False,2025-06
mkt_q5ldl7nh,org_dbdw2pcn,webinar_finops,ads,2025-07-30,False,False,2025-07
mkt_ymafcb3d,org_x7eedtjv,security_week,ads,2025-07-01,False,False,2025-07
mkt_6idlswzu,org_vyie6ivw,genai_launch,in_app,2025-08-13,False,False,2025-08
mkt_ah35qrr4,org_874frhoc,upgrade_enterprise,event,2025-08-02,False,False,2025-08
mkt_zgms66ke,org_t9nt3w5u,security_week,event,2025-06-12,False,True,2025-06
mkt_6zadotiw,org_h2m5zja8,upgrade_enterprise,ads,2025-06-20,False,False,2025-06
mkt_tlinj1q3,org_41ibljh7,webinar_finops,in_app,2025-05-18,False,False,2025-05
mkt_q5pcnil8,org_ofqewaou,genai_launch,ads,2025-06-25,False,False,2025-06
mkt_472qw44x,org_ofqewaou,security_week,event,2025-06-07,False,False,2025-06
mkt_riigup30,org_zhwjr64d,security_week,email,2025-07-16,False,True,2025-07
mkt_l1r99m2k,org_teiyzcot,security_week,event,2025-06-12,False,False,2025-06
mkt_ktbk5p24,org_9t84azyt,security_week,email,2025-08-26,False,False,2025-08
mkt_t9n44fbv,org_om5igqpk,upgrade_pro,in_app,2025-06-18,False,False,2025-06
mkt_46mu62oe,org_ohp6vz41,welcome,event,2025-06-25,True,False,2025-06
mkt_dr9rlqk0,org_kdgigatj,welcome,email,2025-05-15,False,False,2025-05
mkt_pqs2fnuk,org_253j2d54,security_week,ads,2025-05-19,False,False,2025-05
mkt_m7y1uvjy,org_41ibljh7,upgrade_pro,email,2025-08-22,False,False,2025-08
mkt_tmp4nvv7,org_1t2tala7,upgrade_enterprise,event,2025-07-01,False,False,2025-07
mkt_8zoheotb,org_253j2d54,webinar_finops,email,2025-06-01,True,False,2025-06
mkt_1ppqvq1h,org_nam148p0,genai_launch,ads,2025-08-09,True,True,2025-08
mkt_u3fiqg01,org_wm31yiha,welcome,event,2025-08-28,True,False,2025-08
mkt_pyd819et,org_253j2d54,upgrade_pro,event,2025-07-15,False,False,2025-07
mkt_pg2o8xgh,org_a7tz0ync,webinar_finops,ads,2025-07-02,False,False,2025-07
mkt_iy1bfw7j,org_1n13jcat,upgrade_pro,ads,2025-08-29,False,False,2025-08
mkt_n23648n9,org_kdgigatj,welcome,in_app,2025-08-21,False,False,2025-08
mkt_ji7omemt,org_pja1wj0t,webinar_finops,in_app,2025-05-13,False,False,2025-05
mkt_o2vdsizb,org_ir4cowgz,upgrade_pro,ads,2025-08-20,False,False,2025-08
mkt_25jt3mt2,org_cvs4f8cg,upgrade_enterprise,email,2025-06-06,True,False,2025-06
mkt_md8w1sag,org_phr62gds,upgrade_pro,in_app,2025-07-20,True,True,2025-07
mkt_mlf2l9o9,org_41ibljh7,webinar_finops,ads,2025-08-10,False,False,2025-08
mkt_8n2r48tw,org_253j2d54,security_week,ads,2025-07-04,True,False,2025-07
mkt_qoybz8gi,org_ofqewaou,welcome,email,2025-08-31,False,False,2025-08
mkt_cr6d86u8,org_253j2d54,welcome,in_app,2025-07-16,False,False,2025-07
mkt_781xtqsr,org_zbikcidk,welcome,email,2025-07-16,True,False,2025-07
mkt_7sh2c23u,org_1swjckjl,genai_launch,ads,2025-08-15,False,False,2025-08
mkt_2g3rxokp,org_5lxo6qji,upgrade_enterprise,event,2025-08-24,False,False,2025-08
mkt_i1tsqacb,org_dzr1yxr2,welcome,in_app,2025-06-06,False,True,2025-06
mkt_slyfay0x,org_t9nt3w5u,upgrade_pro,email,2025-07-22,False,True,2025-07
mkt_a0rk8cjr,org_ir4cowgz,genai_launch,event,2025-08-15,False,False,2025-08
mkt_e5c5jo5l,org_i7p5tb94,genai_launch,in_app,2025-07-23,False,False,2025-07
mkt_02moyqj3,org_cvs4f8cg,webinar_finops,ads,2025-06-20,False,True,2025-06
mkt_izbt1kt7,org_teiyzcot,welcome,ads,2025-08-24,False,False,2025-08
mkt_ga8sr6yh,org_afeyuhz1,genai_launch,ads,2025-08-02,False,False,2025-08
mkt_txp25m9f,org_dzr1yxr2,webinar_finops,in_app,2025-07-27,False,False,2025-07
mkt_erjxmzwq,org_l58kxo9t,upgrade_pro,event,2025-05-17,True,False,2025-05
mkt_dbdpv4re,org_axeqbnhl,webinar_finops,event,2025-08-24,True,False,2025-08
mkt_wmub4f0m,org_c11ertj5,upgrade_enterprise,ads,2025-06-26,False,False,2025-06
mkt_iz8qajxh,org_phr62gds,upgrade_enterprise,in_app,2025-06-08,False,False,2025-06
mkt_rmf6m8wn,org_h2m5zja8,upgrade_pro,event,2025-05-16,True,False,2025-05
mkt_lephvpkf,org_pht0hl9x,webinar_finops,ads,2025-05-22,True,False,2025-05
mkt_a2m7k498,org_0lzjjege,upgrade_enterprise,ads,2025-06-23,False,False,2025-06
mkt_6k33ufev,org_8mdd4v30,welcome,event,2025-08-21,True,False,2025-08
mkt_stygx886,org_pnsm43d8,security_week,email,2025-06-10,False,False,2025-06
mkt_0i7p2r5j,org_uzfk8ut0,genai_launch,in_app,2025-05-18,False,False,2025-05
mkt_glwmk6sf,org_i7p5tb94,security_week,email,2025-08-09,False,True,2025-08
mkt_9nrmozl6,org_nam148p0,security_week,in_app,2025-06-06,False,False,2025-06
mkt_5x4wu1i7,org_zhwjr64d,security_week,email,2025-07-28,False,False,2025-07
mkt_xxeq58wz,org_d14ve92m,genai_launch,ads,2025-05-14,False,False,2025-05
mkt_uaczrre5,org_pvs7hzio,webinar_finops,email,2025-05-28,False,False,2025-05
mkt_oz83ejfb,org_t1ghr09s,upgrade_enterprise,in_app,2025-07-22,True,False,2025-07
mkt_ovb1zj39,org_l58kxo9t,webinar_finops,email,2025-07-10,False,False,2025-07
mkt_6yfi7eq3,org_h2m5zja8,security_week,in_app,2025-08-29,False,False,2025-08
mkt_o6j8lu25,org_ktakpuxq,webinar_finops,event,2025-06-24,False,False,2025-06
mkt_wsevi9v9,org_c11ertj5,upgrade_pro,ads,2025-07-16,False,False,2025-07
mkt_j2fuw48x,org_t9nt3w5u,welcome,event,2025-08-29,False,False,2025-08
mkt_lpoy22cm,org_pbhsahxt,genai_launch,email,2025-07-03,False,False,2025-07
mkt_5agp60q2,org_pja1wj0t,upgrade_enterprise,email,2025-06-20,False,False,2025-06
mkt_oazfuuzw,org_xll4zklo,genai_launch,in_app,2025-06-15,False,False,2025-06
mkt_p4o5xkqr,org_kdgigatj,security_week,event,2025-07-03,False,False,2025-07
mkt_4zlxb7gi,org_ujv6oh9s,upgrade_pro,event,2025-07-21,False,False,2025-07
mkt_orfzcp83,org_ujv6oh9s,upgrade_pro,ads,2025-08-31,True,False,2025-08
mkt_juwliuvj,org_ohp6vz41,welcome,event,2025-07-09,True,True,2025-07
mkt_40y52ygq,org_phr62gds,welcome,email,2025-08-28,True,False,2025-08
mkt_ymh33dha,org_t9nt3w5u,security_week,email,2025-06-29,False,False,2025-06
mkt_rji6yb9p,org_hv3a3zmf,upgrade_enterprise,in_app,2025-08-30,True,False,2025-08
mkt_dgkrjwtg,org_5iqvnb4g,webinar_finops,in_app,2025-08-30,False,False,2025-08
mkt_3fimlcbi,org_zhwjr64d,security_week,ads,2025-05-22,False,False,2025-05
mkt_edbznmtr,org_9mx2x18h,upgrade_enterprise,email,2025-06-06,False,False,2025-06
mkt_28j9bf63,org_pht0hl9x,upgrade_enterprise,in_app,2025-06-05,False,False,2025-06
mkt_y8ocvf34,org_3t60rjiw,upgrade_enterprise,email,2025-08-14,False,False,2025-08
mkt_ei2brsv4,org_om5igqpk,upgrade_enterprise,email,2025-05-23,False,False,2025-05
mkt_3056m00l,org_xaji0y6d,upgrade_enterprise,event,2025-05-17,False,False,2025-05
mkt_879w5dy4,org_kdgigatj,upgrade_enterprise,event,2025-06-11,True,False,2025-06
mkt_lre7pi8w,org_41ibljh7,upgrade_enterprise,email,2025-08-31,False,False,2025-08
mkt_eji4p0e4,org_dzr1yxr2,genai_launch,in_app,2025-06-02,True,False,2025-06
mkt_y5x6zie5,org_rixa11dp,upgrade_enterprise,in_app,2025-05-08,False,True,2025-05
mkt_apcbflun,org_5iqvnb4g,genai_launch,in_app,2025-05-15,False,False,2025-05
mkt_3ypq5lyy,org_he7ur23g,upgrade_enterprise,in_app,2025-05-21,True,True,2025-05
mkt_p6s0vdck,org_c11ertj5,security_week,email,2025-05-14,True,False,2025-05
mkt_1040vrss,org_afeyuhz1,upgrade_enterprise,event,2025-08-06,True,False,2025-08
mkt_dvb26xni,org_cvs4f8cg,webinar_finops,event,2025-08-16,False,True,2025-08
mkt_sosz0d3m,org_pbhsahxt,welcome,in_app,2025-06-13,True,False,2025-06
mkt_pv9wxn91,org_i7p5tb94,welcome,in_app,2025-06-20,False,False,2025-06
mkt_tfrsa8zf,org_pseimvih,webinar_finops,event,2025-08-07,False,False,2025-08
mkt_awty7kfg,org_id25owf7,welcome,email,2025-08-26,False,False,2025-08
mkt_hpas0zbt,org_h2m5zja8,genai_launch,email,2025-08-18,False,False,2025-08
mkt_bop51v9n,org_tvhhpbmy,upgrade_enterprise,ads,2025-05-05,False,False,2025-05
mkt_xmkto6jr,org_wm31yiha,security_week,email,2025-05-06,False,False,2025-05
mkt_u7nspn5m,org_sg65kxvf,webinar_finops,in_app,2025-08-23,False,False,2025-08
mkt_rdpmby23,org_5lxo6qji,genai_launch,ads,2025-06-21,False,False,2025-06
mkt_hk7dbwpv,org_kdgigatj,genai_launch,in_app,2025-06-11,False,False,2025-06
mkt_fzet8p1h,org_ktakpuxq,welcome,email,2025-06-22,False,False,2025-06
mkt_1zriydru,org_w3zp08j3,upgrade_enterprise,email,2025-07-17,False,True,2025-07
mkt_d24dkrf4,org_ykl1cq99,upgrade_enterprise,in_app,2025-08-08,False,False,2025-08
mkt_fxen3mac,org_phr62gds,webinar_finops,email,2025-07-03,True,False,2025-07
mkt_mvb9zxvt,org_dzr1yxr2,webinar_finops,in_app,2025-05-23,True,False,2025-05
mkt_h4oqsrld,org_dhylurtp,upgrade_enterprise,email,2025-06-26,False,True,2025-06
mkt_hh2ks1cb,org_h2m5zja8,upgrade_enterprise,ads,2025-05-23,False,False,2025-05
mkt_cifl79r9,org_53lc58dr,welcome,email,2025-05-15,False,False,2025-05
mkt_kpu8o9on,org_gv0e38da,welcome,ads,2025-06-07,True,False,2025-06
mkt_srhdvnff,org_trp0j43d,welcome,email,2025-05-27,True,False,2025-05
mkt_2wcfie6k,org_xll4zklo,welcome,ads,2025-05-15,False,False,2025-05
mkt_n0q48gcn,org_ujv6oh9s,security_week,in_app,2025-05-12,False,False,2025-05
mkt_ubj74f55,org_pseimvih,upgrade_pro,ads,2025-06-07,False,False,2025-06
mkt_acobtegu,org_5iqvnb4g,webinar_finops,email,2025-06-01,True,False,2025-06
mkt_rt1rwvng,org_a7tz0ync,upgrade_pro,ads,2025-05-26,False,True,2025-05
mkt_cfolt34k,org_zhwjr64d,genai_launch,event,2025-07-19,False,False,2025-07
mkt_ff2jtjto,org_cwi64ciy,welcome,ads,2025-07-16,False,False,2025-07
mkt_0iqqkb74,org_nam148p0,upgrade_pro,event,2025-05-05,False,False,2025-05
mkt_56bfyw37,org_1t2tala7,welcome,ads,2025-07-25,False,False,2025-07
mkt_2viuadj7,org_53lc58dr,security_week,ads,2025-07-01,True,False,2025-07
mkt_25u0332w,org_9mx2x18h,webinar_finops,in_app,2025-07-27,True,False,2025-07
mkt_04nxv50o,org_9t84azyt,upgrade_pro,ads,2025-06-01,False,False,2025-06
mkt_t1k8hcd1,org_rixa11dp,upgrade_pro,ads,2025-08-26,False,False,2025-08
mkt_sd44wl8m,org_xaji0y6d,genai_launch,email,2025-08-09,False,False,2025-08
mkt_dzfwqval,org_9t84azyt,genai_launch,ads,2025-08-14,False,False,2025-08
mkt_bna0236q,org_253j2d54,upgrade_enterprise,ads,2025-07-25,False,False,2025-07
mkt_k3qhad3m,org_pac56t4u,genai_launch,ads,2025-07-14,True,False,2025-07
mkt_6jr8fl9v,org_253j2d54,genai_launch,email,2025-06-11,False,False,2025-06
mkt_2qji47jw,org_ir4cowgz,welcome,ads,2025-05-26,False,False,2025-05
mkt_u7sa7idi,org_ir4cowgz,webinar_finops,event,2025-06-20,False,False,2025-06
mkt_09kgw8c4,org_9mx2x18h,webinar_finops,in_app,2025-06-21,False,False,2025-06
mkt_ag1qicxb,org_3t60rjiw,upgrade_pro,email,2025-05-31,False,False,2025-05
mkt_r8iybato,org_i3qk2iag,upgrade_pro,ads,2025-06-19,False,False,2025-06
mkt_lodlonkc,org_xaji0y6d,genai_launch,event,2025-06-02,False,False,2025-06
mkt_p8ov5nwv,org_ujv6oh9s,upgrade_enterprise,email,2025-06-11,False,False,2025-06
mkt_sjjcaxod,org_cvs4f8cg,security_week,in_app,2025-05-16,False,False,2025-05
mkt_97qq1q81,org_cwi64ciy,genai_launch,email,2025-08-13,True,False,2025-08
mkt_hrulhh9b,org_zbikcidk,webinar_finops,in_app,2025-06-20,False,False,2025-06
mkt_td5pu139,org_w3zp08j3,genai_launch,ads,2025-08-10,False,True,2025-08
mkt_ka7jk83m,org_t1ghr09s,upgrade_enterprise,ads,2025-05-12,False,False,2025-05
mkt_vqiixkuo,org_9t84azyt,welcome,ads,2025-08-24,True,False,2025-08
mkt_zm7i9ry3,org_ykl1cq99,genai_launch,in_app,2025-05-14,False,False,2025-05
mkt_0m651lzv,org_rixa11dp,welcome,in_app,2025-07-05,True,False,2025-07
mkt_gw9hne0r,org_0lvsnujz,upgrade_enterprise,in_app,2025-06-23,False,False,2025-06
mkt_3i9hukp6,org_pbhsahxt,webinar_finops,email,2025-07-05,True,False,2025-07
mkt_jr07h0um,org_chj755nf,upgrade_enterprise,email,2025-06-03,False,False,2025-06
mkt_s48iw5xn,org_1t2tala7,upgrade_enterprise,event,2025-05-19,True,False,2025-05
mkt_qdz98jhe,org_8mdd4v30,upgrade_pro,ads,2025-08-03,False,False,2025-08
mkt_17o7pnud,org_8mdd4v30,upgrade_pro,in_app,2025-07-28,False,False,2025-07
mkt_53qe5eea,org_5935a0l7,welcome,in_app,2025-08-02,False,False,2025-08
mkt_zvw7njkh,org_wnnhj7xv,webinar_finops,event,2025-08-01,True,False,2025-08
mkt_vyqdk9xm,org_5935a0l7,welcome,event,2025-07-07,False,False,2025-07
mkt_a5vixr4d,org_phr62gds,upgrade_pro,email,2025-08-19,True,False,2025-08
mkt_to8uflv4,org_id25owf7,upgrade_pro,event,2025-07-01,False,False,2025-07
mkt_ba7obbc8,org_1t2tala7,genai_launch,ads,2025-07-05,False,False,2025-07
mkt_3y0clccv,org_7e8g8jdp,upgrade_pro,email,2025-05-21,False,True,2025-05
mkt_gjj1wsfd,org_id25owf7,upgrade_enterprise,event,2025-08-18,False,False,2025-08
mkt_ib0sxg4x,org_om5igqpk,welcome,event,2025-07-02,False,False,2025-07
mkt_nuby8634,org_pac56t4u,genai_launch,email,2025-07-15,False,False,2025-07
mkt_rh7cjjey,org_t9nt3w5u,genai_launch,event,2025-07-12,True,False,2025-07
mkt_7qwwo6nl,org_pbhsahxt,security_week,in_app,2025-07-04,False,True,2025-07
mkt_pvec9t5a,org_3t60rjiw,security_week,in_app,2025-06-04,True,False,2025-06
mkt_hc0okrcw,org_tvhhpbmy,upgrade_pro,event,2025-07-23,True,False,2025-07
mkt_9ibgjewv,org_x7eedtjv,genai_launch,ads,2025-07-21,False,False,2025-07
mkt_pg6vc4pa,org_xll4zklo,genai_launch,email,2025-05-18,True,False,2025-05
mkt_iiucuigm,org_dppq0y9d,webinar_finops,email,2025-05-13,False,False,2025-05
mkt_2t5woqdn,org_dhylurtp,upgrade_pro,event,2025-07-08,True,False,2025-07
mkt_vqj4u4fg,org_sg65kxvf,upgrade_enterprise,in_app,2025-05-11,False,False,2025-05
mkt_gw1jyk82,org_g8sbi4q2,genai_launch,event,2025-06-03,True,False,2025-06
mkt_0pzts55c,org_wnnhj7xv,genai_launch,event,2025-07-30,False,False,2025-07
mkt_2ibjvslr,org_fel6246h,upgrade_pro,event,2025-07-03,False,False,2025-07
mkt_dmzvxy16,org_9t84azyt,webinar_finops,email,2025-05-09,False,False,2025-05
mkt_zgrrvgmd,org_1swjckjl,genai_launch,email,2025-06-11,False,False,2025-06
mkt_fzjoigo5,org_253j2d54,webinar_finops,in_app,2025-07-03,False,False,2025-07
mkt_8oaflkta,org_ir4cowgz,genai_launch,ads,2025-08-08,False,False,2025-08
mkt_wmwur1z8,org_dhylurtp,upgrade_pro,event,2025-05-24,False,False,2025-05
mkt_2h394lmu,org_w3zp08j3,upgrade_enterprise,email,2025-08-05,False,False,2025-08
mkt_xfzjdcy9,org_wnnhj7xv,webinar_finops,in_app,2025-07-28,False,False,2025-07
mkt_8qhsfm8q,org_cvs4f8cg,upgrade_enterprise,email,2025-05-25,True,False,2025-05
mkt_pdnu0fh2,org_chj755nf,welcome,event,2025-06-30,False,False,2025-06
mkt_tn8b8zuf,org_fel6246h,upgrade_enterprise,in_app,2025-08-22,True,False,2025-08
mkt_jwfq84gd,org_5lxo6qji,upgrade_pro,email,2025-06-14,True,True,2025-06
mkt_5yshgpz9,org_okep7y6w,upgrade_enterprise,email,2025-08-24,True,False,2025-08
mkt_1kmgqaw4,org_i7p5tb94,upgrade_pro,email,2025-08-20,False,False,2025-08
mkt_teq3cyfw,org_ktakpuxq,upgrade_enterprise,event,2025-05-04,False,False,2025-05
mkt_p5wlf0ll,org_jxepq85j,upgrade_pro,in_app,2025-07-01,True,False,2025-07
mkt_ya85bekt,org_hv3a3zmf,welcome,in_app,2025-08-22,True,False,2025-08
mkt_jepgyap9,org_kdgigatj,welcome,email,2025-06-24,True,False,2025-06
mkt_eib0ta6y,org_chj755nf,security_week,ads,2025-05-26,False,False,2025-05
mkt_y5xhq3u9,org_sg65kxvf,genai_launch,email,2025-08-27,False,False,2025-08
mkt_1f8bv5zh,org_i7p5tb94,genai_launch,in_app,2025-08-25,False,True,2025-08
mkt_p6pnu0ki,org_i3qk2iag,security_week,email,2025-05-25,False,False,2025-05
mkt_4jkj7opj,org_ir4cowgz,welcome,ads,2025-05-21,True,False,2025-05
mkt_qbtk0td0,org_dppq0y9d,webinar_finops,ads,2025-08-17,True,True,2025-08
mkt_dof83gae,org_7e8g8jdp,upgrade_enterprise,in_app,2025-05-21,False,False,2025-05
mkt_dmlav3w9,org_253j2d54,upgrade_pro,event,2025-08-01,True,False,2025-08
mkt_o01e4znz,org_1n13jcat,genai_launch,email,2025-07-14,False,False,2025-07
mkt_ze2tbst9,org_ykl1cq99,security_week,ads,2025-07-10,False,False,2025-07
mkt_xwi7084l,org_sg65kxvf,welcome,event,2025-07-14,False,False,2025-07
mkt_9gm5hn1d,org_53lc58dr,security_week,event,2025-05-24,False,False,2025-05
mkt_613ly4qz,org_g8sbi4q2,welcome,event,2025-07-15,True,False,2025-07
mkt_tgbcqtai,org_w3zp08j3,upgrade_enterprise,ads,2025-08-04,False,False,2025-08
mkt_j82t2a1q,org_vyie6ivw,upgrade_pro,in_app,2025-05-15,True,False,2025-05
mkt_4p24l6g9,org_hv3a3zmf,genai_launch,event,2025-06-27,False,False,2025-06
mkt_h8lyk0vg,org_pac56t4u,upgrade_enterprise,email,2025-06-09,False,False,2025-06
mkt_l2upqv9d,org_i7p5tb94,webinar_finops,in_app,2025-05-15,False,True,2025-05
mkt_y292iz1q,org_41ibljh7,genai_launch,email,2025-06-22,True,False,2025-06
mkt_8pj1ydot,org_cwi64ciy,genai_launch,ads,2025-08-01,False,False,2025-08
mkt_948u6b15,org_y9v86wzs,genai_launch,email,2025-06-20,False,False,2025-06
mkt_x8g1hzvn,org_ykl1cq99,upgrade_pro,in_app,2025-08-07,False,False,2025-08
mkt_asjp0esu,org_7e8g8jdp,security_week,ads,2025-07-04,True,False,2025-07
mkt_swiy7k60,org_dbdw2pcn,welcome,event,2025-07-20,True,False,2025-07
mkt_00u1r54e,org_pac56t4u,genai_launch,ads,2025-07-20,True,False,2025-07
mkt_d6lob24h,org_hv3a3zmf,security_week,in_app,2025-08-19,True,True,2025-08
mkt_y05y5fnx,org_d14ve92m,welcome,email,2025-07-21,False,False,2025-07
mkt_74ssd1ji,org_phr62gds,genai_launch,email,2025-08-09,False,False,2025-08
mkt_uoiz6aai,org_pht0hl9x,upgrade_enterprise,event,2025-06-28,True,False,2025-06
mkt_vw947xkj,org_pnsm43d8,upgrade_pro,in_app,2025-07-28,True,False,2025-07
mkt_q6x5ld8q,org_253j2d54,upgrade_enterprise,ads,2025-07-13,True,False,2025-07
mkt_u30ex7ki,org_cwi64ciy,genai_launch,ads,2025-08-21,False,True,2025-08
mkt_139do70i,org_he7ur23g,security_week,email,2025-07-01,True,False,2025-07
mkt_u7hwlwzu,org_id25owf7,upgrade_pro,ads,2025-08-06,False,False,2025-08
mkt_b3zupsls,org_i3qk2iag,upgrade_enterprise,email,2025-07-01,True,False,2025-07
mkt_iylx2crl,org_jxepq85j,welcome,ads,2025-06-30,False,True,2025-06
mkt_39yr8h9x,org_8mdd4v30,genai_launch,event,2025-08-07,False,False,2025-08
mkt_dyq8d7wg,org_t9nt3w5u,welcome,ads,2025-08-21,False,False,2025-08
mkt_xxashvfh,org_x7eedtjv,upgrade_enterprise,in_app,2025-07-27,False,False,2025-07
mkt_zla6ovm8,org_teiyzcot,upgrade_pro,event,2025-05-12,False,False,2025-05
mkt_l10i187y,org_pnsm43d8,upgrade_enterprise,event,2025-05-10,False,False,2025-05
mkt_ohqlylew,org_id25owf7,upgrade_pro,ads,2025-08-31,False,False,2025-08
mkt_fvbfejrk,org_ujv6oh9s,genai_launch,ads,2025-05-20,False,True,2025-05
mkt_2lbimnz9,org_1t2tala7,welcome,in_app,2025-08-11,False,False,2025-08
mkt_b9boqcpl,org_h2m5zja8,upgrade_pro,email,2025-07-05,False,False,2025-07
mkt_72u22eft,org_xll4zklo,webinar_finops,ads,2025-06-28,True,False,2025-06
mkt_ixdwr024,org_5935a0l7,upgrade_pro,event,2025-07-26,False,False,2025-07
mkt_lpo6gf9x,org_tvhhpbmy,upgrade_pro,event,2025-06-02,True,False,2025-06
mkt_xwnkpzia,org_xll4zklo,webinar_finops,in_app,2025-07-06,False,True,2025-07
mkt_jn3mleoz,org_g0fn9xuy,security_week,event,2025-06-27,False,False,2025-06
mkt_prrt2l2i,org_ly8ozcyw,welcome,email,2025-08-16,False,True,2025-08
mkt_eo9uvj3b,org_dbdw2pcn,upgrade_enterprise,ads,2025-08-15,False,False,2025-08
mkt_sy3onx3f,org_phr62gds,welcome,email,2025-08-21,False,False,2025-08
mkt_86ugyfun,org_ohp6vz41,welcome,in_app,2025-07-30,False,True,2025-07
mkt_mad1bx6a,org_okep7y6w,upgrade_enterprise,ads,2025-08-30,True,False,2025-08
mkt_z8ygcvhl,org_okep7y6w,upgrade_enterprise,ads,2025-08-10,True,False,2025-08
mkt_bprfegcx,org_zhwjr64d,genai_launch,in_app,2025-08-09,False,False,2025-08
mkt_y13vw40f,org_1swjckjl,webinar_finops,ads,2025-07-10,False,True,2025-07
mkt_72ve4irf,org_i7p5tb94,welcome,event,2025-05-29,True,False,2025-05
mkt_7bcu5sxq,org_1t2tala7,security_week,event,2025-07-13,False,False,2025-07
mkt_kqbkurt6,org_8mdd4v30,upgrade_enterprise,event,2025-07-05,False,False,2025-07
mkt_267cgfx3,org_253j2d54,welcome,in_app,2025-06-24,False,False,2025-06
mkt_0ac9pubk,org_ktakpuxq,genai_launch,email,2025-08-23,True,False,2025-08
mkt_opsl0jo4,org_l58kxo9t,welcome,event,2025-07-19,False,False,2025-07
mkt_pyap3jfw,org_41ibljh7,genai_launch,event,2025-07-15,False,False,2025-07
mkt_79gqqqjr,org_4zw9xa3k,genai_launch,event,2025-06-26,False,False,2025-06
mkt_6jp3zjlq,org_dbdw2pcn,welcome,event,2025-08-05,True,False,2025-08
mkt_1bpfwsq7,org_3t60rjiw,security_week,event,2025-05-17,False,False,2025-05
mkt_tfs2e2fo,org_i3qk2iag,upgrade_enterprise,ads,2025-07-23,False,False,2025-07
mkt_zz1jpahr,org_ohp6vz41,webinar_finops,email,2025-08-24,True,False,2025-08
mkt_x7bnztah,org_x7eedtjv,welcome,event,2025-08-21,True,False,2025-08
mkt_y8olq54w,org_id25owf7,welcome,email,2025-07-15,False,False,2025-07
mkt_fugeg1ju,org_w3zp08j3,webinar_finops,in_app,2025-07-17,True,False,2025-07
mkt_m9yj42dv,org_pnsm43d8,welcome,event,2025-06-13,False,False,2025-06
mkt_9ujap7ea,org_hv3a3zmf,security_week,in_app,2025-07-03,False,True,2025-07
mkt_s0o5dgrx,org_pja1wj0t,security_week,ads,2025-06-14,False,False,2025-06
mkt_0b3ciptn,org_vyie6ivw,security_week,in_app,2025-08-03,False,False,2025-08
mkt_pnzxkcb9,org_afeyuhz1,genai_launch,email,2025-05-06,True,False,2025-05
mkt_d7uaybdt,org_t1ghr09s,upgrade_enterprise,event,2025-05-17,False,False,2025-05
mkt_n0abmkry,org_xaji0y6d,upgrade_enterprise,email,2025-05-31,False,False,2025-05
mkt_7iygc9g6,org_874frhoc,webinar_finops,ads,2025-06-16,True,False,2025-06
mkt_q62rxyx4,org_x7eedtjv,genai_launch,email,2025-08-27,False,False,2025-08
mkt_mivl590j,org_nam148p0,webinar_finops,event,2025-08-23,False,False,2025-08
mkt_1mnyw0yf,org_zhwjr64d,security_week,email,2025-06-02,True,False,2025-06
mkt_koe2hk72,org_9t84azyt,webinar_finops,event,2025-07-13,False,False,2025-07
mkt_4d6gq2wi,org_xll4zklo,genai_launch,email,2025-05-18,False,False,2025-05
mkt_pp101yqt,org_dhylurtp,security_week,event,2025-06-28,False,False,2025-06
mkt_061atm13,org_ykl1cq99,welcome,email,2025-08-07,False,False,2025-08
mkt_qvbnk0sc,org_pvs7hzio,genai_launch,event,2025-05-07,False,False,2025-05
mkt_jwsh3mok,org_xll4zklo,security_week,email,2025-07-12,False,False,2025-07
mkt_bmjluupg,org_874frhoc,upgrade_enterprise,event,2025-07-02,False,False,2025-07
mkt_nifpvdey,org_9mx2x18h,genai_launch,email,2025-07-04,False,False,2025-07
mkt_cznyctop,org_8mdd4v30,genai_launch,event,2025-07-11,False,False,2025-07
mkt_st9lifi3,org_ly8ozcyw,genai_launch,ads,2025-05-30,True,True,2025-05
mkt_osh3qzxy,org_ohp6vz41,webinar_finops,ads,2025-07-29,False,False,2025-07
mkt_4a15f4jm,org_ly8ozcyw,webinar_finops,email,2025-07-26,False,False,2025-07
mkt_8r7a4k33,org_he7ur23g,welcome,ads,2025-07-10,True,False,2025-07
mkt_s5r25zfc,org_d14ve92m,security_week,email,2025-07-28,False,False,2025-07
mkt_1k8j0kka,org_3t60rjiw,upgrade_enterprise,email,2025-05-14,True,False,2025-05
mkt_giqdz7y9,org_sg65kxvf,webinar_finops,ads,2025-07-28,False,False,2025-07
mkt_5cpqrt3m,org_afeyuhz1,genai_launch,ads,2025-05-27,False,False,2025-05
mkt_f3gq7p7s,org_dhylurtp,genai_launch,event,2025-06-03,False,False,2025-06
mkt_wvtqqklj,org_cwi64ciy,genai_launch,in_app,2025-05-12,False,False,2025-05
mkt_qkcjev9z,org_wnnhj7xv,genai_launch,in_app,2025-06-28,False,False,2025-06
mkt_uyh97y8p,org_nam148p0,welcome,email,2025-08-23,False,False,2025-08
mkt_zl99uj6s,org_wnnhj7xv,upgrade_enterprise,event,2025-08-10,False,False,2025-08
mkt_afk9kkvp,org_t9nt3w5u,security_week,ads,2025-08-27,False,False,2025-08
mkt_2me59o2e,org_wnnhj7xv,upgrade_enterprise,email,2025-05-12,True,False,2025-05
mkt_e75c7qxm,org_pbhsahxt,upgrade_enterprise,ads,2025-07-11,False,True,2025-07
mkt_jblineew,org_7e8g8jdp,security_week,ads,2025-07-25,False,False,2025-07
mkt_kihpy36z,org_3t60rjiw,security_week,event,2025-05-27,False,False,2025-05
mkt_6coxkq5p,org_pvs7hzio,webinar_finops,email,2025-07-09,False,False,2025-07
mkt_52dwhzr4,org_nam148p0,upgrade_enterprise,event,2025-07-09,False,False,2025-07
mkt_ur1boczk,org_5lxo6qji,upgrade_enterprise,in_app,2025-08-10,False,False,2025-08
mkt_wssnml4c,org_ofqewaou,webinar_finops,in_app,2025-07-06,True,False,2025-07
mkt_7f4ygf76,org_afeyuhz1,welcome,in_app,2025-06-16,False,False,2025-06
mkt_stpb74wo,org_cvs4f8cg,webinar_finops,event,2025-08-04,False,False,2025-08
mkt_7v1gsfyt,org_w3zp08j3,genai_launch,in_app,2025-07-14,False,False,2025-07
mkt_k5lbchy3,org_ly8ozcyw,upgrade_pro,event,2025-05-12,False,False,2025-05
mkt_t5q21g07,org_0lvsnujz,genai_launch,email,2025-07-31,False,False,2025-07
mkt_hpnpk270,org_pbhsahxt,genai_launch,event,2025-08-04,False,False,2025-08
mkt_te8z2gfq,org_fel6246h,webinar_finops,email,2025-05-08,False,False,2025-05
mkt_nbia9ru3,org_x7eedtjv,genai_launch,event,2025-08-29,False,True,2025-08
mkt_pc0oxihw,org_874frhoc,upgrade_enterprise,event,2025-07-30,True,False,2025-07
mkt_m518zrmp,org_pht0hl9x,upgrade_enterprise,event,2025-06-14,False,False,2025-06
mkt_gx44qx1c,org_ohp6vz41,upgrade_enterprise,event,2025-05-11,True,False,2025-05
mkt_lmmvh71h,org_cwi64ciy,welcome,in_app,2025-08-11,False,False,2025-08
mkt_w3gm7q6l,org_t1ghr09s,upgrade_pro,email,2025-05-23,False,False,2025-05
mkt_fj18lm6s,org_1swjckjl,security_week,email,2025-05-29,True,False,2025-05
mkt_0ziuq6qb,org_h2m5zja8,security_week,ads,2025-08-07,True,False,2025-08
mkt_do8t8mvw,org_i7p5tb94,upgrade_enterprise,ads,2025-06-17,False,False,2025-06
mkt_5oxio25n,org_l58kxo9t,upgrade_enterprise,in_app,2025-06-20,True,False,2025-06
mkt_a8ky60p0,org_chj755nf,webinar_finops,event,2025-07-24,False,False,2025-07
mkt_hzwcykvm,org_dzr1yxr2,webinar_finops,event,2025-07-25,False,False,2025-07
mkt_qybxpfyj,org_cwi64ciy,upgrade_enterprise,in_app,2025-08-09,False,False,2025-08
mkt_l4ykfjra,org_9mx2x18h,upgrade_enterprise,ads,2025-08-20,True,False,2025-08
mkt_tlcezi8u,org_cvs4f8cg,security_week,event,2025-07-25,False,True,2025-07
mkt_bezsd1fi,org_zhwjr64d,webinar_finops,in_app,2025-06-10,True,False,2025-06
mkt_mtb6t9by,org_vyie6ivw,security_week,event,2025-05-24,True,False,2025-05
mkt_8nhq4hoa,org_a7tz0ync,genai_launch,ads,2025-05-28,True,True,2025-05
mkt_wqf1clnv,org_1n13jcat,genai_launch,ads,2025-05-31,False,False,2025-05
mkt_xnzu6mru,org_7e8g8jdp,welcome,in_app,2025-08-18,False,False,2025-08
mkt_wnn6lxyn,org_874frhoc,upgrade_pro,event,2025-08-03,False,False,2025-08
mkt_uwpkn646,org_cwi64ciy,welcome,in_app,2025-08-05,True,False,2025-08
mkt_uw7ye46f,org_w3zp08j3,webinar_finops,in_app,2025-06-03,False,True,2025-06
mkt_7761xs1c,org_kdgigatj,welcome,event,2025-06-14,True,True,2025-06
mkt_xdcwgk6r,org_afeyuhz1,security_week,event,2025-05-22,True,False,2025-05
mkt_zlch2xrn,org_pvs7hzio,upgrade_enterprise,in_app,2025-06-09,False,False,2025-06
mkt_wjhs1f8g,org_a7tz0ync,upgrade_pro,event,2025-07-31,False,False,2025-07
mkt_0yi0dg95,org_ujv6oh9s,security_week,ads,2025-06-26,False,False,2025-06
mkt_k0gh1ix2,org_pseimvih,genai_launch,in_app,2025-08-12,False,False,2025-08
mkt_ajgz36n3,org_5iqvnb4g,webinar_finops,event,2025-08-10,True,False,2025-08
mkt_frluzk3v,org_afeyuhz1,upgrade_pro,in_app,2025-08-21,False,False,2025-08
mkt_je6ifkat,org_0lvsnujz,security_week,email,2025-06-15,True,False,2025-06
mkt_v82hk89j,org_zbikcidk,genai_launch,in_app,2025-06-17,False,False,2025-06
mkt_snch1wy6,org_jxepq85j,upgrade_enterprise,email,2025-08-21,False,False,2025-08
mkt_pogi3eea,org_pnsm43d8,webinar_finops,ads,2025-08-03,False,False,2025-08
mkt_fdzhdidv,org_ohp6vz41,webinar_finops,email,2025-08-29,False,False,2025-08
mkt_kbw8bttc,org_w3zp08j3,webinar_finops,email,2025-06-24,False,False,2025-06
mkt_no3feuy5,org_8mdd4v30,upgrade_pro,event,2025-07-25,False,False,2025-07
mkt_bfygou3h,org_dzr1yxr2,welcome,event,2025-05-27,False,False,2025-05
mkt_pf15wr99,org_1t2tala7,webinar_finops,ads,2025-06-21,False,False,2025-06
mkt_zzcraxy6,org_cwi64ciy,genai_launch,in_app,2025-08-27,False,False,2025-08
mkt_des1kl5e,org_gv0e38da,upgrade_pro,ads,2025-06-03,True,False,2025-06
mkt_z2a5i8jn,org_afeyuhz1,genai_launch,ads,2025-08-26,False,False,2025-08
mkt_brjs1m3r,org_hv3a3zmf,upgrade_enterprise,ads,2025-06-18,False,False,2025-06
mkt_mzm4qi31,org_5iqvnb4g,genai_launch,ads,2025-08-08,False,False,2025-08
mkt_ho4x8scx,org_cvs4f8cg,upgrade_enterprise,email,2025-06-05,True,False,2025-06
mkt_401l5198,org_i3qk2iag,welcome,event,2025-07-26,True,False,2025-07
mkt_81un1coq,org_pseimvih,security_week,event,2025-08-16,False,False,2025-08
mkt_avk658ov,org_w3zp08j3,upgrade_pro,ads,2025-06-13,False,False,2025-06
mkt_5e1hqbdy,org_253j2d54,upgrade_pro,ads,2025-06-30,True,False,2025-06
mkt_saar6jbp,org_wnnhj7xv,upgrade_pro,email,2025-05-22,False,True,2025-05
mkt_ihhb1mtr,org_5935a0l7,upgrade_enterprise,event,2025-05-08,False,False,2025-05
mkt_kzytwxim,org_dhylurtp,security_week,event,2025-06-24,False,True,2025-06
mkt_04rf4lty,org_0lzjjege,genai_launch,event,2025-06-27,False,False,2025-06
mkt_ytmjl5h1,org_i7p5tb94,webinar_finops,ads,2025-07-15,False,False,2025-07
mkt_68287sf1,org_om5igqpk,webinar_finops,event,2025-06-17,False,False,2025-06
mkt_pt6trouw,org_d14ve92m,upgrade_enterprise,ads,2025-05-23,False,False,2025-05
mkt_fiajijnl,org_5lxo6qji,welcome,event,2025-06-28,False,False,2025-06
mkt_p2s07jor,org_trp0j43d,upgrade_enterprise,in_app,2025-08-21,False,False,2025-08
mkt_dbiqmgpo,org_cvs4f8cg,upgrade_enterprise,ads,2025-08-05,False,False,2025-08
mkt_emksd1jc,org_w3zp08j3,upgrade_enterprise,email,2025-06-24,True,False,2025-06
mkt_ptzzz6ct,org_874frhoc,upgrade_pro,in_app,2025-08-27,True,False,2025-08
mkt_el745csf,org_dbdw2pcn,upgrade_enterprise,ads,2025-08-27,False,False,2025-08
mkt_0almwnmj,org_0lvsnujz,webinar_finops,email,2025-08-21,False,False,2025-08
mkt_0sisj424,org_ujv6oh9s,upgrade_enterprise,event,2025-08-31,False,False,2025-08
mkt_iq93h5yw,org_ktakpuxq,upgrade_pro,in_app,2025-07-13,True,False,2025-07
mkt_l94mopa9,org_874frhoc,welcome,email,2025-05-31,False,False,2025-05
mkt_4d8xerfh,org_1n13jcat,upgrade_pro,event,2025-08-31,False,False,2025-08
mkt_s2qjed48,org_dhylurtp,webinar_finops,event,2025-05-14,False,False,2025-05
mkt_q5h2in2b,org_g0fn9xuy,upgrade_enterprise,email,2025-07-30,False,False,2025-07
mkt_u4wa2gbz,org_jxepq85j,security_week,event,2025-08-23,False,False,2025-08
mkt_uo7mtcoy,org_h2m5zja8,upgrade_enterprise,email,2025-05-24,False,False,2025-05
mkt_j61ajsjj,org_teiyzcot,welcome,event,2025-07-26,False,False,2025-07
mkt_583bygru,org_okep7y6w,security_week,email,2025-06-06,False,False,2025-06
mkt_zu5e3vmk,org_ly8ozcyw,upgrade_pro,event,2025-07-22,False,True,2025-07
mkt_0pled0z4,org_uzfk8ut0,upgrade_enterprise,email,2025-05-21,False,False,2025-05
mkt_zmprgaao,org_gv0e38da,upgrade_enterprise,ads,2025-08-27,False,False,2025-08
mkt_765zc9hl,org_y9v86wzs,upgrade_enterprise,in_app,2025-08-16,False,False,2025-08
mkt_u2zlgleo,org_pvs7hzio,upgrade_pro,event,2025-06-27,True,False,2025-06
mkt_hifk0vzy,org_xll4zklo,webinar_finops,in_app,2025-06-09,False,False,2025-06
mkt_ybdau8ez,org_vyie6ivw,security_week,email,2025-07-25,True,True,2025-07
mkt_kxq80i45,org_ofqewaou,upgrade_pro,email,2025-05-22,True,False,2025-05
mkt_27kkz4gz,org_ofqewaou,webinar_finops,email,2025-08-03,False,False,2025-08
mkt_w6iz1256,org_a7tz0ync,security_week,email,2025-07-05,False,False,2025-07
mkt_hhgtqmor,org_g8sbi4q2,upgrade_enterprise,in_app,2025-06-07,False,False,2025-06
mkt_9eh7oljq,org_pvs7hzio,upgrade_enterprise,ads,2025-08-17,False,False,2025-08
mkt_zdcse094,org_1t2tala7,upgrade_enterprise,ads,2025-07-21,True,False,2025-07
mkt_588ysvcz,org_xaji0y6d,upgrade_pro,event,2025-06-12,False,False,2025-06
mkt_a0e9ekoj,org_dhylurtp,webinar_finops,ads,2025-08-30,False,False,2025-08
mkt_zcduscun,org_cvs4f8cg,security_week,ads,2025-06-25,True,False,2025-06
mkt_k0k7h01s,org_ykl1cq99,upgrade_enterprise,event,2025-05-23,True,False,2025-05
mkt_txmzi9y8,org_i7p5tb94,genai_launch,in_app,2025-05-21,False,False,2025-05
mkt_u40qcu5w,org_fel6246h,upgrade_pro,email,2025-07-09,False,False,2025-07
mkt_mg7f10tb,org_0lzjjege,upgrade_pro,ads,2025-07-17,False,False,2025-07
mkt_81ouvwxo,org_1t2tala7,webinar_finops,ads,2025-06-11,False,False,2025-06
mkt_atmzh93x,org_cwi64ciy,security_week,event,2025-07-10,True,False,2025-07
mkt_mcl1yedz,org_7e8g8jdp,welcome,email,2025-06-05,False,False,2025-06
mkt_3g9r304a,org_1swjckjl,upgrade_enterprise,event,2025-08-16,False,False,2025-08
mkt_biscw1pz,org_4zw9xa3k,welcome,event,2025-05-17,True,False,2025-05
mkt_117ib22z,org_l58kxo9t,upgrade_pro,ads,2025-07-11,False,False,2025-07
mkt_u6sjjfzp,org_5935a0l7,upgrade_pro,ads,2025-05-11,False,False,2025-05
mkt_0t57gocr,org_l58kxo9t,genai_launch,email,2025-08-25,False,False,2025-08
mkt_k53oppoy,org_okep7y6w,genai_launch,email,2025-08-29,True,False,2025-08
mkt_dvfd9jrm,org_n9j2qp89,security_week,email,2025-06-07,False,False,2025-06
mkt_43gmefg9,org_8mdd4v30,webinar_finops,event,2025-08-07,False,False,2025-08
mkt_o9ih4o8j,org_0lvsnujz,upgrade_enterprise,ads,2025-08-16,False,False,2025-08
mkt_g78ia619,org_253j2d54,genai_launch,email,2025-07-29,True,False,2025-07
mkt_q1j10ids,org_tvhhpbmy,webinar_finops,email,2025-06-11,False,False,2025-06
mkt_ffq0nezh,org_trp0j43d,genai_launch,in_app,2025-05-08,True,False,2025-05
mkt_1u9c245o,org_gv0e38da,security_week,email,2025-06-08,False,False,2025-06
mkt_7o7gri9e,org_ir4cowgz,upgrade_pro,in_app,2025-07-29,False,False,2025-07
mkt_tmo11if2,org_c11ertj5,upgrade_pro,ads,2025-08-14,False,False,2025-08
mkt_4hyg1hb3,org_trp0j43d,upgrade_enterprise,email,2025-06-10,False,False,2025-06
mkt_z30zbtvf,org_ir4cowgz,security_week,event,2025-07-29,False,False,2025-07
mkt_h7b0ahi1,org_pvs7hzio,upgrade_enterprise,email,2025-06-25,False,False,2025-06
mkt_ywt3hko1,org_w3zp08j3,genai_launch,ads,2025-05-12,True,False,2025-05
mkt_cmrt7jhd,org_h2m5zja8,welcome,ads,2025-08-04,True,False,2025-08
mkt_szw1ye8u,org_t1ghr09s,welcome,email,2025-08-03,True,False,2025-08
mkt_na9wk4mk,org_d14ve92m,upgrade_enterprise,ads,2025-07-03,False,False,2025-07
mkt_3fnxtiwf,org_g8sbi4q2,upgrade_pro,in_app,2025-08-31,False,False,2025-08
mkt_klzwqx9v,org_id25owf7,security_week,email,2025-05-26,False,False,2025-05
mkt_snh0e9h2,org_xaji0y6d,upgrade_enterprise,in_app,2025-06-26,True,False,2025-06
mkt_bvwv6ysh,org_xaji0y6d,upgrade_enterprise,ads,2025-07-24,False,False,2025-07
mkt_hyafvnuy,org_chj755nf,upgrade_enterprise,in_app,2025-06-03,True,False,2025-06
mkt_822y0eap,org_jxepq85j,security_week,email,2025-05-15,False,False,2025-05
mkt_50sw1oq9,org_jxepq85j,security_week,in_app,2025-06-08,False,False,2025-06
mkt_rq53utiu,org_41ibljh7,welcome,event,2025-07-31,False,False,2025-07
mkt_mw6asgfq,org_xll4zklo,genai_launch,in_app,2025-08-15,True,False,2025-08
mkt_gdm1iyku,org_wnnhj7xv,upgrade_pro,ads,2025-06-03,False,False,2025-06
mkt_9ivw7khu,org_id25owf7,welcome,in_app,2025-07-20,False,False,2025-07
mkt_l0opxncc,org_zhwjr64d,upgrade_pro,event,2025-06-18,False,False,2025-06
mkt_rbf4af3q,org_rixa11dp,security_week,email,2025-08-09,False,False,2025-08
mkt_hyh0g0xq,org_9mx2x18h,upgrade_pro,event,2025-06-18,False,False,2025-06
mkt_z3g0ksjh,org_t1ghr09s,webinar_finops,event,2025-05-30,False,False,2025-05
mkt_9po2ubat,org_dzr1yxr2,security_week,ads,2025-08-26,False,False,2025-08
mkt_pz00h4fl,org_uzfk8ut0,security_week,email,2025-08-09,False,True,2025-08
mkt_7q15whqm,org_afeyuhz1,welcome,ads,2025-06-02,False,False,2025-06
mkt_n7d922wa,org_874frhoc,genai_launch,ads,2025-07-15,True,False,2025-07
mkt_hdo61xn8,org_axeqbnhl,upgrade_enterprise,in_app,2025-08-29,False,False,2025-08
mkt_dk13zp84,org_dhylurtp,welcome,event,2025-07-01,False,False,2025-07
mkt_jrh8iptc,org_uzfk8ut0,genai_launch,in_app,2025-06-15,False,False,2025-06
mkt_16ze7blp,org_teiyzcot,security_week,in_app,2025-05-26,False,False,2025-05
mkt_7dgt60pv,org_0lvsnujz,upgrade_pro,ads,2025-07-23,True,False,2025-07
mkt_7tiqijb3,org_t1ghr09s,welcome,event,2025-05-23,False,False,2025-05
mkt_swso0cis,org_41ibljh7,genai_launch,email,2025-07-24,True,False,2025-07
mkt_uvyk28f7,org_t9nt3w5u,upgrade_enterprise,event,2025-08-24,True,True,2025-08
mkt_k5mtvge3,org_ktakpuxq,upgrade_enterprise,in_app,2025-07-02,True,False,2025-07
mkt_yn3scsbl,org_g0fn9xuy,security_week,in_app,2025-06-30,True,False,2025-06
mkt_lwnak2ho,org_i3qk2iag,upgrade_pro,in_app,2025-08-15,True,False,2025-08
mkt_pq0ux5pg,org_ofqewaou,upgrade_pro,ads,2025-05-11,False,False,2025-05
mkt_em9iuyz9,org_pht0hl9x,genai_launch,ads,2025-07-17,False,False,2025-07
mkt_tos7cuwb,org_1swjckjl,webinar_finops,email,2025-06-18,False,False,2025-06
mkt_3eshhetz,org_t1ghr09s,genai_launch,ads,2025-06-16,False,False,2025-06
mkt_xa3sla5g,org_874frhoc,webinar_finops,event,2025-07-09,False,False,2025-07
mkt_m4gsd5bg,org_w3zp08j3,webinar_finops,in_app,2025-06-10,False,False,2025-06
mkt_kmq8dnb0,org_xll4zklo,webinar_finops,event,2025-07-11,False,False,2025-07
mkt_xdkuugo2,org_pja1wj0t,security_week,event,2025-06-27,False,False,2025-06
mkt_n5muy0v3,org_pvs7hzio,security_week,ads,2025-05-29,True,False,2025-05
mkt_utcpxcaa,org_l58kxo9t,welcome,event,2025-07-19,False,False,2025-07
mkt_l8vhf48u,org_teiyzcot,security_week,event,2025-08-21,True,False,2025-08
mkt_z27nr6dp,org_okep7y6w,welcome,in_app,2025-08-21,True,True,2025-08
mkt_fvhf1km8,org_ohp6vz41,upgrade_enterprise,ads,2025-08-24,True,False,2025-08
mkt_b543bb9h,org_n9j2qp89,webinar_finops,ads,2025-06-10,True,True,2025-06
mkt_5c7rsmfq,org_dhylurtp,security_week,ads,2025-05-08,False,False,2025-05
mkt_tndy6962,org_53lc58dr,webinar_finops,email,2025-06-06,False,False,2025-06
mkt_0zx79v37,org_7e8g8jdp,welcome,ads,2025-08-17,True,False,2025-08
mkt_prddtbxt,org_874frhoc,upgrade_enterprise,email,2025-06-10,False,False,2025-06
mkt_6yeyxiy4,org_4zw9xa3k,upgrade_pro,email,2025-08-30,False,True,2025-08
mkt_7hgm5srz,org_9mx2x18h,security_week,in_app,2025-08-17,False,False,2025-08
mkt_epfekxvt,org_dhylurtp,webinar_finops,email,2025-07-03,False,False,2025-07
mkt_yz9345zw,org_jxepq85j,security_week,in_app,2025-05-17,True,False,2025-05
mkt_uot8mmdf,org_5lxo6qji,webinar_finops,ads,2025-07-01,False,False,2025-07
mkt_bhpsojdy,org_pvs7hzio,upgrade_pro,in_app,2025-08-31,False,False,2025-08
mkt_uaj2obtc,org_pac56t4u,welcome,event,2025-08-07,False,False,2025-08
mkt_w6j2tipl,org_cwi64ciy,upgrade_enterprise,email,2025-07-14,True,False,2025-07
mkt_k5bov303,org_5935a0l7,upgrade_pro,email,2025-07-23,False,False,2025-07
mkt_6b3yqmpu,org_253j2d54,upgrade_pro,ads,2025-06-28,False,False,2025-06
mkt_yw6mxrf9,org_chj755nf,genai_launch,in_app,2025-07-13,False,False,2025-07
mkt_cfwawq4x,org_d14ve92m,welcome,event,2025-07-04,False,False,2025-07
mkt_6g4ywkoo,org_1t2tala7,welcome,in_app,2025-05-06,False,False,2025-05
mkt_dvmbo4kf,org_pja1wj0t,upgrade_enterprise,in_app,2025-05-12,False,False,2025-05
mkt_9oqkz6l6,org_pac56t4u,webinar_finops,event,2025-05-08,False,False,2025-05
mkt_e2ye38d1,org_fel6246h,welcome,event,2025-05-09,False,False,2025-05
mkt_n1tp1lsj,org_rixa11dp,security_week,in_app,2025-07-05,False,False,2025-07
mkt_75vw2oxe,org_5lxo6qji,genai_launch,email,2025-08-05,False,False,2025-08
mkt_nfrrybcn,org_pja1wj0t,webinar_finops,in_app,2025-06-01,False,False,2025-06
mkt_78hzffgh,org_5iqvnb4g,upgrade_enterprise,in_app,2025-05-25,False,False,2025-05
mkt_f3obs0sw,org_chj755nf,upgrade_enterprise,event,2025-08-16,True,False,2025-08
mkt_v5qd8c1a,org_5935a0l7,genai_launch,in_app,2025-06-06,False,False,2025-06
mkt_m0ihdzsn,org_axeqbnhl,genai_launch,email,2025-06-02,False,False,2025-06
mkt_ol8wkff0,org_w3zp08j3,upgrade_pro,event,2025-08-05,False,False,2025-08
mkt_zadf5jj0,org_1swjckjl,upgrade_pro,in_app,2025-08-11,True,False,2025-08
mkt_02jz2kb6,org_rixa11dp,welcome,event,2025-07-22,True,False,2025-07
mkt_7riz2h4q,org_tvhhpbmy,welcome,event,2025-06-17,True,False,2025-06
mkt_4vtyk1de,org_253j2d54,genai_launch,ads,2025-06-28,True,False,2025-06
mkt_7fdr756s,org_fel6246h,security_week,in_app,2025-07-23,False,False,2025-07
mkt_sx82ufl9,org_i3qk2iag,security_week,ads,2025-08-01,False,False,2025-08
mkt_mq11phls,org_fel6246h,upgrade_enterprise,ads,2025-06-04,False,False,2025-06
mkt_qk7mehzs,org_teiyzcot,upgrade_pro,event,2025-06-17,False,False,2025-06
mkt_8f093fl0,org_ohp6vz41,security_week,event,2025-06-05,False,False,2025-06
mkt_ellcqsug,org_g0fn9xuy,welcome,event,2025-07-08,False,False,2025-07
mkt_abimi0g8,org_8mdd4v30,upgrade_pro,ads,2025-05-10,False,False,2025-05
mkt_f9prnnbe,org_ly8ozcyw,upgrade_enterprise,ads,2025-06-14,False,False,2025-06
mkt_trlzscxc,org_ktakpuxq,security_week,email,2025-06-05,True,True,2025-06
mkt_rhy3zomg,org_chj755nf,welcome,email,2025-07-03,True,False,2025-07
mkt_n1eexb4z,org_pja1wj0t,security_week,email,2025-08-05,False,False,2025-08
mkt_7j8hwe2c,org_jxepq85j,webinar_finops,in_app,2025-07-31,False,False,2025-07
mkt_7mv5nlzl,org_41ibljh7,upgrade_enterprise,ads,2025-05-16,False,False,2025-05
mkt_7hvwr3yn,org_5935a0l7,genai_launch,email,2025-08-08,True,False,2025-08
mkt_iijuqw4q,org_kdgigatj,security_week,in_app,2025-07-11,False,False,2025-07
mkt_d102kkvr,org_id25owf7,webinar_finops,ads,2025-05-14,False,True,2025-05
mkt_0tmtocts,org_pac56t4u,upgrade_enterprise,event,2025-07-22,True,False,2025-07
mkt_4ro893en,org_om5igqpk,upgrade_enterprise,email,2025-05-27,True,False,2025-05
mkt_vrjq9he6,org_axeqbnhl,upgrade_enterprise,in_app,2025-05-30,False,False,2025-05
mkt_vb7hfg5l,org_zhwjr64d,genai_launch,in_app,2025-07-13,True,True,2025-07
mkt_u7pkhel7,org_dhylurtp,upgrade_enterprise,event,2025-06-23,False,False,2025-06
mkt_06hoqq0r,org_g0fn9xuy,upgrade_pro,in_app,2025-07-30,True,False,2025-07
mkt_aaoo91oa,org_5iqvnb4g,welcome,in_app,2025-07-28,False,False,2025-07
mkt_8nzf94e8,org_vyie6ivw,upgrade_enterprise,ads,2025-07-17,True,False,2025-07
mkt_2xeu74s5,org_ir4cowgz,upgrade_enterprise,event,2025-07-02,False,False,2025-07
mkt_tr21ej2v,org_rixa11dp,genai_launch,in_app,2025-06-27,True,False,2025-06
mkt_hak2x9pf,org_dhylurtp,security_week,event,2025-06-10,False,False,2025-06
mkt_16o8bjmi,org_xll4zklo,welcome,ads,2025-05-05,False,False,2025-05
mkt_gj6hm3j5,org_dppq0y9d,welcome,ads,2025-08-10,False,False,2025-08
mkt_uesl4pd8,org_4zw9xa3k,welcome,in_app,2025-05-23,False,False,2025-05
mkt_gbniud1a,org_l58kxo9t,upgrade_enterprise,event,2025-05-25,False,False,2025-05
mkt_u0inwtco,org_ykl1cq99,genai_launch,event,2025-05-10,False,False,2025-05
mkt_mmn9twn7,org_7e8g8jdp,webinar_finops,email,2025-06-18,False,False,2025-06
mkt_gwr17h4g,org_ir4cowgz,security_week,event,2025-06-25,False,False,2025-06
mkt_ymrrqsrn,org_pvs7hzio,upgrade_enterprise,email,2025-06-19,False,False,2025-06
mkt_h2ph1djv,org_dppq0y9d,upgrade_enterprise,in_app,2025-05-19,True,True,2025-05
mkt_vh3t8x2g,org_dzr1yxr2,upgrade_enterprise,email,2025-05-11,False,False,2025-05
mkt_24gva34e,org_he7ur23g,welcome,event,2025-08-14,False,False,2025-08
mkt_5bcidl8l,org_53lc58dr,security_week,ads,2025-06-29,False,False,2025-06
mkt_gh8rfc9v,org_ir4cowgz,welcome,in_app,2025-06-14,False,False,2025-06
mkt_d5so2n33,org_kdgigatj,security_week,in_app,2025-05-17,False,False,2025-05
mkt_3za49xud,org_h2m5zja8,webinar_finops,in_app,2025-07-19,False,True,2025-07
mkt_9rt7nwuq,org_53lc58dr,upgrade_enterprise,in_app,2025-08-06,False,False,2025-08
mkt_iq9vobgg,org_dzr1yxr2,welcome,ads,2025-06-04,True,False,2025-06
mkt_gkycsnu9,org_ktakpuxq,welcome,in_app,2025-05-12,True,False,2025-05
mkt_66wqx1n6,org_9t84azyt,security_week,event,2025-08-17,False,True,2025-08
mkt_ph1raemy,org_ohp6vz41,webinar_finops,email,2025-07-26,False,False,2025-07
mkt_d8yh304a,org_nam148p0,genai_launch,email,2025-06-12,False,False,2025-06
mkt_8pmsy5yp,org_n9j2qp89,upgrade_enterprise,in_app,2025-05-17,False,False,2025-05
mkt_c7syr7s9,org_wnnhj7xv,upgrade_pro,email,2025-06-27,False,False,2025-06
mkt_r37v3869,org_trp0j43d,security_week,in_app,2025-06-11,False,False,2025-06
mkt_ojrghr4x,org_8mdd4v30,genai_launch,in_app,2025-06-13,False,False,2025-06
mkt_51mo5jmq,org_x7eedtjv,welcome,event,2025-08-13,True,False,2025-08
mkt_0njvjpcm,org_pbhsahxt,genai_launch,in_app,2025-07-05,False,False,2025-07
mkt_w0jpjlbw,org_om5igqpk,upgrade_pro,in_app,2025-06-26,False,False,2025-06
mkt_j1irva0y,org_phr62gds,security_week,email,2025-05-11,True,False,2025-05
mkt_0wliwlap,org_pac56t4u,webinar_finops,ads,2025-05-05,False,False,2025-05
mkt_3k5b8snt,org_9t84azyt,upgrade_enterprise,in_app,2025-07-19,False,False,2025-07
mkt_ht7ugviv,org_pnsm43d8,genai_launch,email,2025-08-23,True,False,2025-08
mkt_k0b73bhh,org_ujv6oh9s,security_week,event,2025-07-17,False,False,2025-07
mkt_85da5h3z,org_g0fn9xuy,webinar_finops,ads,2025-05-28,False,False,2025-05
mkt_4lb0fmit,org_pseimvih,welcome,event,2025-07-17,False,False,2025-07
mkt_wphkokpy,org_w3zp08j3,genai_launch,ads,2025-08-25,False,False,2025-08
mkt_98opbh4e,org_cvs4f8cg,security_week,ads,2025-07-01,True,False,2025-07
mkt_r3urev2z,org_ly8ozcyw,upgrade_pro,ads,2025-06-14,False,True,2025-06
mkt_1k3bdgrb,org_vyie6ivw,welcome,in_app,2025-06-09,False,False,2025-06
mkt_2d5lo9j5,org_ktakpuxq,webinar_finops,email,2025-07-11,True,False,2025-07
mkt_rwhhi4pj,org_pac56t4u,upgrade_pro,in_app,2025-08-15,True,False,2025-08
mkt_hl5nzrv4,org_pvs7hzio,security_week,in_app,2025-05-08,False,False,2025-05
mkt_a3m1xgb1,org_teiyzcot,webinar_finops,email,2025-08-26,False,False,2025-08
mkt_botm1cd4,org_253j2d54,genai_launch,in_app,2025-07-15,False,True,2025-07
mkt_zyefg5od,org_i7p5tb94,webinar_finops,event,2025-08-26,True,False,2025-08
mkt_hdgqnxsk,org_pja1wj0t,security_week,event,2025-08-25,False,False,2025-08
mkt_yz86iosa,org_wm31yiha,webinar_finops,ads,2025-08-23,False,False,2025-08
mkt_6s9rcb2o,org_trp0j43d,webinar_finops,email,2025-05-17,False,False,2025-05
mkt_xebpbbqh,org_uzfk8ut0,security_week,email,2025-05-22,True,False,2025-05
mkt_txp0shaj,org_ly8ozcyw,genai_launch,event,2025-05-09,False,False,2025-05
mkt_4mh7lky5,org_n9j2qp89,upgrade_pro,event,2025-05-19,False,False,2025-05
mkt_5wrswg5t,org_8mdd4v30,upgrade_pro,event,2025-06-28,False,False,2025-06
mkt_3ixo9i8p,org_ofqewaou,webinar_finops,in_app,2025-08-28,False,False,2025-08
mkt_0lw3895t,org_5935a0l7,welcome,event,2025-08-21,False,False,2025-08
mkt_x69va98b,org_zbikcidk,welcome,ads,2025-06-22,True,False,2025-06
mkt_wnazmpwb,org_afeyuhz1,upgrade_pro,event,2025-08-13,False,False,2025-08
mkt_0f4x6vvw,org_874frhoc,webinar_finops,email,2025-05-23,False,False,2025-05
mkt_nh83fi4o,org_8mdd4v30,genai_launch,event,2025-07-19,False,True,2025-07
mkt_jaipxem2,org_xll4zklo,security_week,in_app,2025-07-23,True,False,2025-07
mkt_42yhfe5w,org_41ibljh7,upgrade_pro,ads,2025-06-10,False,False,2025-06
mkt_md9laec8,org_pseimvih,security_week,ads,2025-08-29,False,False,2025-08
mkt_fb947e6k,org_om5igqpk,welcome,ads,2025-06-12,True,False,2025-06
mkt_52bi86mt,org_x7eedtjv,welcome,in_app,2025-07-03,False,False,2025-07
mkt_zhsp3v5v,org_l58kxo9t,webinar_finops,ads,2025-07-27,False,False,2025-07
mkt_s0jzwlsd,org_pac56t4u,webinar_finops,ads,2025-08-02,False,True,2025-08
mkt_4tr4gse7,org_om5igqpk,genai_launch,email,2025-05-31,False,False,2025-05
mkt_4v5dm5nq,org_ofqewaou,webinar_finops,email,2025-07-17,True,False,2025-07
mkt_pts0mmbb,org_3t60rjiw,security_week,in_app,2025-07-08,True,False,2025-07
mkt_su04w4js,org_41ibljh7,security_week,in_app,2025-07-27,True,False,2025-07
